,1,1308,,Network Equipment,Switch,CISCO,SF350-24,PE 45462,DNI24170982,,,On Site,,,,,,,,,,,,,,,,,,,,,,,,
,1,1308,,Network Equipment,Router,CISCO,CISCO 1841,PE 31514,FHK1448732J,,,On Site,,,,,,,,,,,,,,,,,,,,,,,,
,1,1308,,Network Equipment,Modem,,,,,,,On Site,,,,,,,,,,,,,,,,,,,,,,,,
,1,1316,,Network Equipment,Switch,CISCO,CBS350-24,PE 46631,FOC2551Y4Z1,,,On Site,,,,,,,,,,,,,,,,,,,,,,,,
,1,1337,,Network Equipment,Router ,Fortinet,FG-40F,PE 50042,FGT40FTK24042162,,,On Site,,,,,,,,,,,,,,,,,,,,,,,,
,1,1380,,Network Equipment,Router,CISCO,1841,Unreadable,FHK123529AM,,,On Site,,,,,,,,,,,,,,,,,,,,,,,,
,1,1380,,Network Equipment,Switch,CISCO,CATALYST 2960,PE 4514,unreadable,,,On Site,,,,,,,,,,,,,,,,,,,,,,,,
,1,1380,,Network Equipment,Switch,CISCO,SF350,PE 43308,DNI2236AM9,,,On Site,,,,,,,,,,,,,,,,,,,,,,,,
,1,1380,,Network Equipment,Switch,CISCO,CBS350-24T-4G,PE 46632,FOC2551Y3XN,,,On Site,,,,,,,,,,,,,,,,,,,,,,,,
,1,1380,,Network Equipment,Modem,,,,,,,On Site,,,,,,,,,,,,,,,,,,,,,,,,
,1,1384,,Network Equipment,Switch,CISCO,SF350-24,PE 43306,-,,,On Site,,,,,,,,,,,,,,,,,,,,,,,,
,1,1384,,Network Equipment,Router,CISCO,891 F,PE 43992,FGL2419LAQU,,,On Site,,,,,,,,,,,,,,,,,,,,,,,,
,1,1384,,Network Equipment,Modem,HUAWEI,HG8145V5,,48575443D6F5BFA3,,,On Site,,,,,,,,,,,,,,,,,,,,,,,,
,1,1391,,Network Equipment,Switch,CISCO,Catalyst 2960,,FOC13117X54L,,,On Site,,,,,,,,,,,,,,,,,,,,,,,,
,1,1396,,Network Equipment,Switch,Cisco,C2960-24,,FOC1331W5UR,,,On Site,,,,,,,,,,,,,,,,,,,,,,,,
,1,1396,,Network Equipment,Router, , ,,FHK122526VJ,,,On Site,,,,,,,,,,,,,,,,,,,,,,,,
,1,1396,,Network Equipment,Modem, , ,,FHTT9165DB28,,,On Site,,,,,,,,,,,,,,,,,,,,,,,,
,1,1397,,Network Equipment,Switch,Cisco,CBS350-16,PE 47593,FOC2644YCAV,,,On Site,,,,,,,,,,,,,,,,,,,,,,,,
,1,1300,,Network Equipment,Switch,D-Link,DGS-1016C,PE 50946,KYKLAAF5C004120,,,On Site,,,,,,,,,,,,,,,,,,,,,,,,
,1,1300,,Network Equipment,Switch,Cisco,SF-350,PE 46370,DNI250103GK,,,On Site,,,,,,,,,,,,,,,,,,,,,,,,
,1,1300,,Network Equipment,Switch,Cisco,C2960-24TT-L ,PE 51609,F0C1317X5JC,,,On Site,,,,,,,,,,,,,,,,,,,,,,,,
,1,1300,,Network Equipment,Switch,Cisco,CB5350-16,PE 47585,FOC2644YBGT,,,On Site,,,,,,,,,,,,,,,,,,,,,,,,
,1,1378,,Network Equipment,Switch,CISCO,2960,PE 51638,FOC1933S3PM,,,On Site,,,,,,,,,,,,,,,,,,,,,,,,
,1,1378,,Network Equipment,Router,CISCO,Cisco 891F,PE 45145,FGL2419LAPU,,,On Site,,,,,,,,,,,,,,,,,,,,,,,,
,1,1378,,Network Equipment,Modem, , ,, ,,,On Site,,,,,,,,,,,,,,,,,,,,,,,,
,1,1360,,Network Equipment,Switch,CISCO,CATALIST 2960,PE 31694,F0C1403V3SL,,,On Site,,,,,,,,,,,,,,,,,,,,,,,,
,1,1360,,Network Equipment,Switch,CISCO,CBS350-16-48,PE 46816,PSZ26331E3A,,,On Site,,,,,,,,,,,,,,,,,,,,,,,,
,1,1376,,Network Equipment,SDWAN,Fortinet,100F,PE 49976,FG100FTK23083702,,,On Site,,,,,,,,,,,,,,,,,,,,,,,,
,1,1376,,Network Equipment,Switch,CISCO,SF350,PE 46368,DNI25010365,,,On Site,,,,,,,,,,,,,,,,,,,,,,,,
,1,1360,,Network Equipment,Switch,CISCO,,,,,,On Site,,,,,,,,,,,,,,,,,,,,,,,,
,1,1337,,Server ,CPU-Server ,Dell,Dell PowerEdge T440 ,,,,,On Site,,,,,,16 GB,,,,,,,,,,,,,,,,,,
,1,1378,,Server ,CPU-Server ,VM,IBM X3200,PE 3293,200709-001344,,,On Site,,,,,,3 GB,,,,,,,,,,,,,,,,,,
,1,1380,,Server ,CPU-Server ,HP,HP Proliant ML110 Gen9,PE 41464,SGH809WBWS,,,On Site,,,,,,16GB,,,,,,,,,,,,,,,,,,
,1,1308,,Server ,CPU-Server ,HP,HP Proliant Ml110 Gen10,PE 47446,SGH249TK65,,,On Site,,,,,,16GB,,,,,,,,,,,,,,,,,,
,1,1360,,Server ,CPU-Server ,HP,HP Proliant ML110 Gen9,PE 41466,SGH809WBWC,,,On Site,,,,,,16GB,,,,,,,,,,,,,,,,,,
,1,1376,,Server ,CPU-Server ,HP,HP Proliant Ml110 Gen11,,1,,,On Site,,,,,,2 GB,,,,,,,,,,,,,,,,,,
,1,1300,,Server ,CPU-Server ,XITRIX,XITRIX PowerFrame 5295,PE 30011,ESP36200064,,,On Site,,,,,,2 GB,,,,,,,,,,,,,,,,,,
,1,1300,,Server ,CPU-Server ,HP,HP Proliant Ml110 Gen10,PE 48798,SGH343NBKL,,,On Site,,,,,,16GB,,,,,,,,,,,,,,,,,,
,1,1384,,Server ,CPU-Server ,HP,HP Proliant Ml110 Gen10,PE 47487,SGH249TK62,,,On Site,,,,,,16GB,,,,,,,,,,,,,,,,,,
,1,1316,,Server ,CPU-Server ,HP,HP Proliant Ml110 Gen11,PE 49694,SGH439KNLJ,,,On Site,,,,,,16GB,,,,,,,,,,,,,,,,,,
,1,1391,,Server ,CPU-Server ,HP,HP Proliant Ml110 Gen10,PE 47447,SGH249TK71,,,On Site,,,,,,16GB,,,,,,,,,,,,,,,,,,
,1,1396,,Server ,CPU-Server ,HP,HP Proliant ML110 Gen9,PE 41463,SGH809WBWE,,,On Site,,,,,,16GB,,,,,,,,,,,,,,,,,,
,1,1397,,Server ,CPU-Server ,VM,IBM X3200,PE 3883,99A5550,,,On Site,,,,,,,,,,,,,,,,,,,,,,,,
,1,1337,,CPU,CPU-PC,HP,DX2810,PE 32497,SGH9130LKY,39972,,On Site,1337w0015_01.lto.it,10.13.37.70,00-23-7D-2B-17-B6,,Cashier,2GB,150.00 GB,97.0GB,1,Windows XP,DL DEMERIT,0,,0,1,0,0,,,,,,,
,1,1337,,Monitor,Monitor-LCD,HP,Others,PE 27664,CNK8400K5M,,,On Site,,,,,,,,,,Windows 11 64Bit,,,,,,,,,,,,,,
,1,1337,,Other Peripherals,Keyboard,HP,Others,CI 13548,BC3880FVBWL3E1,,,On Site,,,,,,,,,,Windows 11 64Bit,,,,,,,,,,,,,,
,1,1337,,CPU,CPU-PC,HP,DX2810,PE 32511,SGH9130LRR,39972,,On Site,1800_ws104.lto.it,10.13.37.9,00-23-7D-2B-72-D2,,Chief,2GB,150.00 GB,96.0GB,1,Windows XP,DL DEMERIT,0,,0,1,,,,,,,,,
,1,1337,,Monitor,Monitor-LCD,DELL,Others,Unreadable,CSIPE-00001019,,,On Site,,,,,,,,,,Windows 11 64Bit,,,,,,,,,,,,,,
,1,1337,,Other Peripherals,Keyboard,HP,Others,CI 26266,BC3880FVBWPFFD,,,On Site,,,,,,,,,,Windows 11 64Bit,,,,,,,,,,,,,,
,1,1337,,Other Peripherals,Mouse,HP,Others,CI 16162,265986-003,,,On Site,,,,,,,,,,Windows 11 64Bit,,,,,,,,,,,,,,
,1,1337,,UPS,UPS-PC,Eaton,Others,PE 39443,PA63H32VF4,11/23/2017,,On Site,,,,,,,,,,Windows 11 64Bit,,,,,,,,,,,,,,
,1,1378,,CPU,CPU-PC,HP,DX2810,PE 26168,SGH847012P,06/08/2009,,On Site,1378w0005_1,10.13.78.73,00-22-64-b7-72-54,,MV Evaluator,3.25 GB,150.00 GB,84.22 GB,1,Windows XP,OR/CR,0,,,1,0,0,Ver 4.0,,,,,,
,1,1378,,Monitor,Monitor-LCD,HP,N/A,PE 42688,1CR8371D5Y,,,On Site,,,,,MV Evaluator,,,,,,,,,,,,,,,,,,,
,1,1378,,Other Peripherals,Mouse,HP,N/A,CI 46335,N/A,,,On Site,,,,,MV Evaluator,,,,,,,,,,,,,,,,,,,
,1,1378,,UPS,UPS-PC, Powerware, PW9110,PE  21765,B21238,,,On Site,,,,,MV Evaluator,,,,,,,,,,,,,,,,,,,
,1,1378,,CPU,CPU-PC,HP,DX2810,PE 348866,SGH029T1ZF,06/08/2009,,On Site,1378w0022_6,10.13.78.153,6C-62-6D-OE-EE-31,,MV Evaluator,3.25 GB,150.00 GB,103.4 GB,1,Windows XP,OR/CR,0,,,1,0,0,Ver 4.0,,,,,,
,1,1378,,Monitor,Monitor-LCD,HP,V194,PE 40094,3CQ7392L4V,,,On Site,,,,,MV Evaluator,,,,,,,,,,,,,,,,,,,
,1,1378,,Monitor,Monitor-LCD,HP,Pro Display P200,PE 37928,CNK5030HNL,,,On Site,,,,,MV Evaluator,,,,,,,,,,,,,,,,,,,
,1,1378,,Monitor,Monitor-LCD,NOC,N/A,PE 934,9417aja008414,,,On Site,,,,,Approving Officer,,,,,,,,,,,,,,,,,,,
,1,1378,,Other Peripherals,Keyboard,A4tech,KRS85,CI 19090,CI28031, ,,On Site, ,,,,MV Evaluator, , , , , , , ,, , , , , ,,,,,,
,1,1378,,Other Peripherals,Mouse,A4tech,N/A,CI 21154,BC3880FVBXKNOR,,,On Site,,,,,MV Evaluator,,,,,,,,,,,,,,,,,,,
,1,1378,,UPS,UPS-PC,HP,KU1469,PE 24127,N/A,,,On Site,,,,,MV Evaluator,,,,,,,,,,,,,,,,,,,
,1,1378,,CPU,CPU-PC,HP,DX2810,PE 30366,SGH847008H,06/08/2009,,On Site,1378w0014_1,10.13.78.200,00-23-7D-16-5F-13,,MV Evaluator,2 GB,150.00 GB,103.32 GB,1,Windows XP,OR/CR,0,,,1,0,0,Ver 4.0,,,,,,
,1,1378,,Monitor,Monitor-LCD,DELL,7BI3CCU,PE 4110,CN-0WR979,,,On Site,,,,,Approving,,,,,,,,,,,,,,,,,,,
,1,1378,,Other Peripherals,Keyboard,A4tech,N/A,CI 21154,BC3880FVBXKNOR,,,On Site,,,,,,,,,,,,,,,,,,,,,,,,
,1,1378,,Other Peripherals,Keyboard,HP,KU1469,CI 24127,N/A,,,On Site,,,,,,,,,,,,,,,,,,,,,,,,
,1,1378,,Other Peripherals,Keyboard,A4tech,KRS83,CI 28782,N/A, ,,On Site, ,,,,MV Evaluator, , , , , , , ,, , , , , ,,,,,,
,1,1378,,Other Peripherals,Mouse,Genius,,Unreadable,XP18S8305840,,,On Site,,,,,MV Evaluator,,,,,,,,,,,,,,,,,,,
,1,1378,,UPS,UPS-PC,A4tech,,Unreadable,XP1858305840,,,On Site,,,,,MV Evaluator,,,,,,,,,,,,,,,,,,,
,1,1378,,CPU,CPU-PC,HP,DX2810,PE 31940,SGH8470133,,,On Site,1378w0007_1,00-22-64-B7-75-71,00-22-64-B7-73-A4,,Ronaldo G. Ramirez,150.00 GB,101.4 GB,1,1,Windows XP,OR/CR,1,1,1,0,0,Ver 4.0,eScan,,,,,,
,1,1378,,Monitor,Monitor-LCD,HP,19'5,PE 51275,3CQ4460DJQ,,,On Site,,,,,MV Evaluator,,,,,,,,,,,,,,,,,,,
,1,1378,,Other Peripherals,Keyboard,HP,KU1469,CI 27137,N/A, ,,On Site, ,,,,Acting Cashier, , , , , , , ,, , , , , ,,,,,,
,1,1378,,Other Peripherals,Mouse,HP,N/A,CI 31920,N/A,,,On Site,,,,,Acting Cashier,,,,,,,,,,,,,,,,,,,
,1,1378,,CPU,CPU-PC,HP,DX2710,PE 26764,SGH8470D96,,,On Site,1378w0009_1,10.13.78.118,00-23-7D-16-7C-FC,,Approving,3.00 GB,150.00 GB,97.2 GB,1,Windows XP,OR/CR,0,,,1,0,0,Ver 4.0,,,,,,
,1,1378,,Monitor,Monitor-LCD,HP,HP V194,PE 46108,3CQ036098Q, ,,On Site, ,,,,Acting Cashier, , , , , , , ,, , , , , ,,,,,,
,1,1378,,Other Peripherals,Keyboard,HP,KU-0316,CI 1807,BAUJQ0HVBYZ95X, ,,On Site, ,,,,MV Evaluator, , , , , , , ,, , , , , ,,,,,,
,1,1378,,Other Peripherals,Mouse,A4tech, ,CI 21916,Unreadable,,,On Site,,,,,MV Evaluator,,,,,,,,,,,,,,,,,,,
,1,1378,,UPS,UPS-PC, , ,,Unreadable,,,On Site,,,,,MV Evaluator,,,,,,,,,,,,,,,,,,,
,1,1378,,CPU,CPU-PC,HP,DX2710,PE 26882,SGH8470DCN,39792,,On Site,1378w0038_3,10.13.78.154,00-23-7d-16-60-06,,MV Evaluator,3.00 GB,150.00 GB,7.74 GB,1,Windows XP,OR/CR,0,,,1,0,0,Ver 4.0,,,,,,
,1,1378,,Monitor,Monitor-LCD,`,L1910,PE 31826,CNK8400K7S, ,,On Site, ,,,,MV Evaluator, , , , , , , ,, , , , , ,,,,,,
,1,1378,,Other Peripherals,Keyboard,A4tech, ,Unreadable,Unreadable, ,,On Site, ,,,,Approving Officer, , , , , , , ,, , , , , ,,,,,,
,1,1378,,Other Peripherals,Mouse,A4tech, ,Unreadable,Unreadable,,,On Site,,,,,Approving Officer,,,,,,,,,,,,,,,,,,,
,1,1378,,UPS,UPS-PC, , ,Unreadable,Unreadable,,,On Site,,,,,Approving Officer,,,,,,,,,,,,,,,,,,,
,1,1378,,CPU,CPU-PC,HP,DX2810,PE 31933,SGH847012Z,,,On Site,1378w0006_1,00-22-64-B7-73-A4,00-23-7D-17-7B-12,,Mark Anthony M. Trinio,150.00 GB,88.5 GB,7.74 GB,1,Windows XP,OR/CR,,0,0,0,0,Ver 4.0,eScan,,,,,,
,1,1378,,Monitor,Monitor-LCD,HP,19'5,PE 51273,3CQ4460DH7,,,On Site,,,,,Ecclesias L. Ardeña,,,,,,,,,,,,,,,,,,,
,1,1378,,Other Peripherals,Keyboard,A4tech, ,Unreadable,Unreadable, ,,On Site, ,,,,Releasing/Supply Officer, , , , , , , ,, , , , , ,,,,,,
,1,1378,,Other Peripherals,Mouse, , ,Unreadable,Unreadable,,,On Site,,,,,Releasing/Supply Officer,,,,,,,,,,,,,,,,,,,
,1,1378,,Other Peripherals,Mouse,A4tech,n/a,CI 22099,N/A,,,On Site,,,,,,,,,,,,,,,,,,,,,,,,
,1,1378,,Other Peripherals,Mouse,A4tech,n/a,CI 28145,N/A,,,On Site,,,,,,,,,,,,,,,,,,,,,,,,
,1,1378,,UPS,UPS-PC, , ,Unreadable,Unreadable,,,On Site,,,,,Releasing/Supply Officer,,,,,,,,,,,,,,,,,,,
,1,1378,,CPU,CPU-PC,HP,DX2710,PE 27324,SGH84700C2,39972,,On Site,1378w0051_1,10.13.78.105,00-22-64-BB-0F-4E,,MV Evaluator,2 GB,150.00 GB,126.1 GB,0.8,Windows XP,OR/CR,0,,,1,0,0,Ver 4.0,,,,,,
,1,1378,,Monitor,Monitor-LCD,HP,L1910,PE 26261,CNK8400KCT,,,On Site,,,,,Releasing/Supply Officer,,,,,,,,,,,,,,,,,,,
,1,1378,,Other Peripherals,Keyboard,Genius,,Unreadable,XP18S8305840, ,,On Site, ,,,,Evaluator, , , , , , , ,, , , , , ,,,,,,
,1,1378,,UPS,UPS-PC, , ,Unreadable,Unreadable,,,On Site,,,,,Evaluator,,,,,,,,,,,,,,,,,,,
,1,1378,,CPU,CPU-PC,HP,Pro3000,PE 35862,SGH033QT7F,39972,,On Site,1378w1278,10.13.78.91,00-24-81-CA-45-CE,,Site Support,150.00 GB,88.5 GB,953.6 GB,1,Windows XP,OR/CR,0,,,1,0,0,Ver 4.0,,,,,,
,1,1378,,Other Peripherals,Keyboard,A4tech,,Unreadable,XP1858305840,,,On Site,,,,,Approving,,,,,,,,,,,,,,,,,,,
,1,1378,,Other Peripherals,Mouse,A4tech,,CI 28170,Unreadable,,,On Site,,,,,Approving,,,,,,,,,,,,,,,,,,,
,1,1378,,UPS,UPS-PC,EATON,5E850i,PE 39441,PA63H20TC1,11/23/2017,,On Site,,,,,Approving,,,,,,,,,,,,,,,,,,,
,1,1378,,CPU,CPU-PC,HP,DX2810,PE 26766,SGH8470DC3,39972,,On Site,1378w0010_1,10.13.78.100,00-23-7D-16-63-B7,,Releasing/Supply Officer,3.25 GB,150.00 GB,51.92 GB,1,Windows XP,OR/CR,0,,,1,0,0,Ver 4.0,,,,,,
,1,1378,,Monitor,Monitor-LCD,HP, ,PE 28959,CNK8400JND, ,,On Site, ,,,,Releasing/Supply Officer, , , , , , , ,, , , , , ,,,,,,
,1,1378,,Other Peripherals,Keyboard, , ,Unreadable,Unreadable,,,On Site,,,,,Site Support,,,,,,,,,,,,,,,,,,,
,1,1378,,Other Peripherals,Mouse,A4tech,,Unreadable,Unreadable,,,On Site,,,,,Site Support,,,,,,,,,,,,,,,,,,,
,1,1378,,CPU,CPU-PC,HP,DX2710,PE 31932,SGH8470D99,39792,,On Site,1378w0002_1,10.13.78.174,00-23-7D-17-7B-12,,Releasing/Supply Officer,2 GB,150.00 GB,106.5 GB,1,Windows XP,OR/CR,0,,,1,0,0,Ver 4.0,,,,,,
,1,1378,,Monitor,Monitor-LCD,HP,,PE 42696,ICR8371DS6,`,,On Site,,,,,Officer In Charge,,,,,,,,,,,,,,,,,,,
,1,1378,,Other Peripherals,Keyboard,a4tech,KRS-85,CI 28048,N/A,,,On Site,,,,,MV Evaluator,,,,,,,,,,,,,,,,,,,
,1,1378,,Other Peripherals,Mouse,A4tech,,Unreadable,Unreadable,,,On Site,,,,,MV Evaluator,,,,,,,,,,,,,,,,,,,
,1,1378,,CPU,CPU-PC,HP,DX2710,PE 26105,SGH847010X,39792,,On Site,1378w0009_1,10.13.78.159,00-23-7D-16-7C-FC,,Officer In Charge,3.00 GB,150.00 GB,97.2 GB,1,Windows XP,OR/CR,0,,,1,0,0,Ver 4.0,,,,,,
,1,1378,,Monitor,Monitor-LCD,HP,19'5,PE 51274,3CQ4460DH4,,,On Site,,,,,PACD,,,,,,,,,,,,,,,,,,,
,1,1378,,Other Peripherals,Keyboard,a4tech,KRS-85,CI 28048,N/A,,,On Site,,,,,MV Evaluator,,,,,,,,,,,,,,,,,,,
,1,1378,,Other Peripherals,Mouse,A4tech,,CI 22588,Unreadable,,,On Site,,,,,MV Evaluator,,,,,,,,,,,,,,,,,,,
,1,1378,,UPS,UPS-Server,Liebert,GXT5,PE 49544,2332101155AFFX3,09/25/2023,,On Site,,,,,,,,,,,,,,,,,,,,,,,,
,1,1378,,CPU,CPU-PC,HP,Pro3000,PE 33326,SGH9350P8B,39792,,On Site,1378w0009_1,10.13.78.211,00-22-64-bb-11-f3,,PACD,3.00 GB,150.00 GB,97.2 GB,1,Windows XP,OR/CR,0,,,1,0,0,Ver 4.0,,,,,,
,1,1380,,CPU,CPU-PC,HP,DX2710,PE 26897,SGH8470DBX,39792,,On Site,1380W0025_01,,,,SSP WS,3318mb,931.51 GB,84.7GB,70%,Windows XP,DL DEMERIT,0,,0,0,0,0,Ver 4.0,,,,,,
,1,1380,,Monitor,Monitor-LCD,HP,Others,PE 41558,3CQ8042BWT, ,,On Site, ,,,,SSP WS, , , , , , , ,, , , , , ,,,,,,
,1,1380,,Other Peripherals,Keyboard,HP,Others,CI 25061,803181-001, ,,On Site, ,,,,SSP WS, , , , , , , ,, , , , , ,,,,,,
,1,1380,,Other Peripherals,Mouse,HP,Others,Unreadable,672652-001,,,On Site,,,,,SSP WS,,,,,,,,,,,,,,,,,,,
,1,1380,,CPU,CPU-PC,HP,HP DeskPro 400 G4,PE 41056,SGH808QNB0,42772,,On Site,1380w006_01,10.13.80.80,18-60-24-E5-5A-69,,RECORDS,4.00 GB,465.80 GB,347.6GB,1,Windows 10 32Bit,DL DEMERIT,0,,0,0,0,0,Ver 4.0,,,,,,
,1,1380,,Monitor,Monitor-LCD,HP,Others,PE 41556,3CQ8042F2W, ,,On Site, ,,,,RECORDS, , , , , , , ,, , , , , ,,,,,,
,1,1380,,Other Peripherals,Keyboard,HP,Others,CI 25058,N/A, ,,On Site, ,,,,RECORDS, , , , , , , ,, , , , , ,,,,,,
,1,1380,,Other Peripherals,Mouse,A4tech,Others,CI 29134,N/A,,,On Site,,,,,RECORDS,,,,,,,,,,,,,,,,,,,
,1,1380,,CPU,CPU-PC,HP,HP DeskPro 400 G4,PE 41068,SGH808QNBG,42772,,On Site,1380W0016_01,,,,APPROVING,4.00 GB,465.80 GB,353.6gb,1,Windows 10 32Bit,DL DEMERIT,0,,1,0,0,0,Ver 4.0,,,,,,
,1,1380,,Monitor,Monitor-LCD,HP,Others,PE 26682,CNK8421866, ,,On Site, ,,,,APPROVING, , , , , , , ,, , , , , ,,,,,,
,1,1380,,Other Peripherals,Keyboard,HP,Others,CI 25067,N/A, ,,On Site, ,,,,APPROVING, , , , , , , ,, , , , , ,,,,,,
,1,1380,,Other Peripherals,Mouse,A4tech,Others,CI 29848,N/A,,,On Site,,,,,APPROVING,,,,,,,,,,,,,,,,,,,
,1,1380,,CPU,CPU-PC,HP,HP DeskPro 400 G4,PE 41067,SGH808QN9X,42772,,On Site,1380W002_01,10.13.80.78,18-60-24-E5-5A-78,,EVALUATOR,4.00 GB,465.86GB,353.9GB,1,Windows 10 32Bit,DL DEMERIT,0,,0,0,0,0,Ver 4.0,,,,,,
,1,1380,,Monitor,Monitor-LCD,HP,Others,PE 41565,3CQ8042DKD, ,,On Site, ,,,,EVALUATOR, , , , , , , ,, , , , , ,,,,,,
,1,1380,,Other Peripherals,Keyboard,HP,Others,CI 18864,N/A, ,,On Site, ,,,,EVALUATOR, , , , , , , ,, , , , , ,,,,,,
,1,1380,,Other Peripherals,Mouse,Others,Others,Unreadable,Unreadable,,,On Site,,,,,EVALUATOR,,,,,,,,,,,,,,,,,,,
,1,1380,,CPU,CPU-PC,HP,DX2710,PE 26892,SGH8470DCV,39792,,On Site,1380W0006_3,10.13.80.156,00-23-7D-16-6B-4E,,EVALUATOR,3318mb,149.00 GB,78.4GB,0.77,Windows XP,DL DEMERIT,0,,0,0,0,0,Ver 4.0,,,,,,
,1,1380,,Monitor,Monitor-LCD,HP,Others,PE 41555,3CQ8042BXR, ,,On Site, ,,,,EVALUATOR, , , , , , , ,, , , , , ,,,,,,
,1,1380,,Other Peripherals,Keyboard,Others,Others,Unreadable,Unreadable, ,,On Site, ,,,,EVALUATOR, , , , , , , ,, , , , , ,,,,,,
,1,1380,,Other Peripherals,Mouse,HP,Others,CI 14383,N/A,,,On Site,,,,,EVALUATOR,,,,,,,,,,,,,,,,,,,
,1,1380,,CPU,CPU-PC,HP,Pro3000,PE 36642,SGH044P1KN,40401,,On Site,1380W0001_01,10.13.80.79,6C-62-6D-03-5E-40,,EVALUATOR,894mb,149.00 GB,60.3GB,1,Windows XP,DL DEMERIT,0,,0,0,0,0,Ver 4.0,,,,,,
,1,1380,,Monitor,Monitor-LCD,HP,Others,Unreadable,CNC209NSSQ, ,,On Site, ,,,,EVALUATOR, , , , , , , ,, , , , , ,,,,,,
,1,1380,,Other Peripherals,Keyboard,HP,Others,CI 17477,N/A, ,,On Site, ,,,,EVALUATOR, , , , , , , ,, , , , , ,,,,,,
,1,1380,,Other Peripherals,Mouse,A4tech,Others,CI 28163,N/A,,,On Site,,,,,EVALUATOR,,,,,,,,,,,,,,,,,,,
,1,1380,,CPU,CPU-PC,HP,HP DeskPro 400 G4,PE 41064,SGH808QNDX,42772,,On Site,1380W001_01,10.13.80.74,18-60-24-E5-5E-1D,,EVALUATOR,4.00 GB,465.80 GB,353.1GB,1,Windows 10 32Bit,DL DEMERIT,0,,0,0,0,0,Ver 4.0,,,,,,
,1,1380,,Monitor,Monitor-LCD,HP,Others,PE 41964,3CQ71337YQ, ,,On Site, ,,,,EVALUATOR, , , , , , , ,, , , , , ,,,,,,
,1,1380,,Other Peripherals,Keyboard,HP,Others,CI 25065,N/A, ,,On Site, ,,,,EVALUATOR, , , , , , , ,, , , , , ,,,,,,
,1,1380,,Other Peripherals,Mouse,Others,Others,Unreadable,Unreadable,,,On Site,,,,,EVALUATOR,,,,,,,,,,,,,,,,,,,
,1,1380,,UPS,UPS-PC,Others,Others,PE 39445,PA63H20RT1,11/23/2017,,On Site,,,,,EVALUATOR,,,,,,,,,,,,,,,,,,,
,1,1380,,CPU,CPU-PC,HP,HP DeskPro 400 G4,PE 41053,SGH808QNDZ,42772,,On Site,1380W003_01,10.13.80.81,18-60-24-E5-5E-1B,,EVALUATOR,4.00 GB,465.80 GB,353.3GB,1,Windows 10 32Bit,DL DEMERIT,0,,0,0,0,0,Ver 4.0,,,,,,
,1,1380,,Monitor,Monitor-LCD,HP,Others,PE 41557,31CQ8042F2T, ,,On Site, ,,,,EVALUATOR, , , , , , , ,, , , , , ,,,,,,
,1,1380,,Other Peripherals,Keyboard,HP,Others,Unreadable,N/A, ,,On Site, ,,,,EVALUATOR, , , , , , , ,, , , , , ,,,,,,
,1,1380,,Other Peripherals,Mouse,HP,Others,Unreadable,N/A,,,On Site,,,,,EVALUATOR,,,,,,,,,,,,,,,,,,,
,1,1380,,UPS,UPS-PC,Others,Others,PE 40727,PA63J01HVC,,,On Site,,,,,EVALUATOR,,,,,,,,,,,,,,,,,,,
,1,1380,,CPU,CPU-PC,HP,HP DeskPro 400 G4,PE 41061,SGH808QNDR,02/06/2017,,On Site,1380W056_02,10.13.80.125,18-60-24-E5-5E-24,,EVALUATOR,4.00 GB,465.80 GB,222.4GB,1,Windows 10 32Bit,DL DEMERIT,0,,0,0,0,0,Ver 4.0,,,,,,
,1,1380,,Monitor,Monitor-LCD,HP,Others,PE 41562,3CQ8042DJZ, ,,On Site, ,,,,EVALUATOR, , , , , , , ,, , , , , ,,,,,,
,1,1380,,Other Peripherals,Keyboard,Others,Others,Unreadable,Unreadable, ,,On Site, ,,,,EVALUATOR, , , , , , , ,, , , , , ,,,,,,
,1,1380,,Other Peripherals,Mouse,Others,Others,Unreadable,Unreadable,,,On Site,,,,,EVALUATOR,,,,,,,,,,,,,,,,,,,
,1,1380,,CPU,CPU-PC,HP,HP DeskPro 400 G4,PE 41060,SGH808QN8V,42772,,On Site,1380W013_01,10.13.80.85,18-60-24-E5-5C-23,,SUPPLY OFFICER/EVAL,4.00 GB,465.80 GB,353.9GB,1,Windows 10 32Bit,DL DEMERIT,0,,,1,0,0,Ver 4.0,,,,,,
,1,1380,,Monitor,Monitor-LCD,HP,Others,PE 41554,3CQ8042F3D, ,,On Site, ,,,,SUPPLY OFFICER/EVAL, , , , , , , ,, , , , , ,,,,,,
,1,1380,,Other Peripherals,Keyboard,Others,Others,Unreadable,Unreadable, ,,On Site, ,,,,SUPPLY OFFICER/EVAL, , , , , , , ,, , , , , ,,,,,,
,1,1380,,CPU,CPU-PC,HP,HP DeskPro 400 G4,PE 41059,SGH808QN8X,42772,,On Site,1380W014_01,10.13.80.76,18-60-24-E5-5B-DA,,EVALUATOR,4.00 GB,465.80 GB,352.9GB,1,Windows 10 32Bit,DL DEMERIT,0,,0,0,0,0,Ver 4.0,,,,,,
,1,1380,,Monitor,Monitor-LCD,HP,Others,PE 41561,3CQ8042CD1, ,,On Site, ,,,,EVALUATOR, , , , , , , ,, , , , , ,,,,,,
,1,1380,,Other Peripherals,Keyboard,Others,Others,Unreadable,Unreadable, ,,On Site, ,,,,EVALUATOR, , , , , , , ,, , , , , ,,,,,,
,1,1380,,Other Peripherals,Mouse,Others,Others,Unreadable,Unreadable,,,On Site,,,,,EVALUATOR,,,,,,,,,,,,,,,,,,,
,1,1380,,CPU,CPU-PC,HP,DX2810,PE 33851,SGH937022N,39972,,On Site,1380W0030_02,10.13.80.83,00-24-81-CC-A1-6F ,,EVALUATOR,4096mb,279.5GB,128.6GB,1,Windows XP,DL DEMERIT,0,,0,0,0,0,Ver 4.0,,,,,,
,1,1380,,Monitor,Monitor-LCD,HP,Others,PE 41559,3CQ8042C9W, ,,On Site, ,,,,EVALUATOR, , , , , , , ,, , , , , ,,,,,,
,1,1380,,Other Peripherals,Keyboard,HP,Others,CI 33708,N/A, ,,On Site, ,,,,EVALUATOR, , , , , , , ,, , , , , ,,,,,,
,1,1380,,Other Peripherals,Mouse,Dell,Others,CI 33716,N/A,,,On Site,,,,,EVALUATOR,,,,,,,,,,,,,,,,,,,
,1,1380,,CPU,CPU-PC,HP,HP DeskPro 400 G4,PE 41062,SGH808QN9K,42772,,On Site,1380W011_01,10.13.80.75 ,18-60-24-E5-5D-E6,,EVALUATOR,4.00 GB,465.80 GB,351.2GB,1,Windows 10 32Bit,DL DEMERIT,0,,0,0,0,0,Ver 4.0,,,,,,
,1,1380,,Monitor,Monitor-LCD,HP,"19.5""",PE 51425,3CQ50307QJ, ,,On Site, ,,,,EVALUATOR, , , , , , , ,, , , , , ,,,,,,
,1,1380,,CPU,CPU-PC,HP,HP DeskPro 400 G4,PE 41058,SGH808QN8V,42772,,On Site,1380W005_01,10.13.80.187,18-60-24-E5-5E-0B,,EVALUATOR,4.00 GB,465.80 GB,353.8GB,0.97,Windows 10 32Bit,DL DEMERIT,0,,0,0,0,0,Ver 4.0,,,,,,
,1,1380,,Monitor,Monitor-LCD,HP,Others,PE 41567,3CQ8042CXT, ,,On Site, ,,,,EVALUATOR, , , , , , , ,, , , , , ,,,,,,
,1,1380,,Other Peripherals,Mouse,A4tech,Others,CI 29816,N/A,,,On Site,,,,,EVALUATOR,,,,,,,,,,,,,,,,,,,
,1,1380,,CPU,CPU-PC,HP,HP DeskPro 400 G4,PE 41063,SGH808QNBQ,42772,,On Site,1380W0020_02,,,,LC EVALUATOR,4.00 GB,465.80 GB,222.6GB,1,Windows 10 32Bit,DL DEMERIT,0,,0,0,0,0,Ver 4.0,,,,,,
,1,1380,,Monitor,Monitor-LCD,HP,Others,PE 41560,3CQ8042BXT, ,,On Site, ,,,,LC EVALUATOR, , , , , , , ,, , , , , ,,,,,,
,1,1380,,Other Peripherals,Mouse,A4tech,Others,CI 29584,N/A,,,On Site,,,,,LC EVALUATOR,,,,,,,,,,,,,,,,,,,
,1,1380,,Other Peripherals,Keyboard,HP,Others,CI 25063,N/A, ,,On Site, ,,,,LC EVALUATOR, , , , , , , ,, , , , , ,,,,,,
,1,1380,,CPU,CPU-PC,HP,HP DeskPro 400 G4,PE 41057,SGH808QNDW,42772,,On Site,1380W009_01,,,,LC EVALUATOR,4.00 GB,465.80 GB,351.6GB,1,Windows 10 32Bit,DL DEMERIT,0,,0,0,0,0,Ver 4.0,,,,,,
,1,1380,,Monitor,Monitor-LCD,HP,Others,PE 41553,3CQ8042DFV, ,,On Site, ,,,,LC EVALUATOR, , , , , , , ,, , , , , ,,,,,,
,1,1380,,Other Peripherals,Mouse,Others,Others,Unreadable,N/A,,,On Site,,,,,LC EVALUATOR,,,,,,,,,,,,,,,,,,,
,1,1380,,Other Peripherals,Keyboard,HP,Others,CI 125057,N/A, ,,On Site, ,,,,LC EVALUATOR, , , , , , , ,, , , , , ,,,,,,
,1,1380,,CPU,CPU-PC,HP,HP DeskPro 400 G4,PE 41055,SGH808QNY7S,02/06/2017,,On Site,1380W079_01,10.13.80.169 ,18-60-24-E5-5C-49,,LC EVALUATOR,4.00 GB,465.80 GB,222.4GB,0.26,Windows 10 32Bit,DL DEMERIT,0,,0,0,0,0,Ver 4.0,,,,,,
,1,1380,,Monitor,Monitor-LCD,HP,Others,PE 410566,3CQ8042DJW, ,,On Site, ,,,,LC EVALUATOR, , , , , , , ,, , , , , ,,,,,,
,1,1380,,Other Peripherals,Mouse,Others,Others,Unreadable,Unreadable,,,On Site,,,,,LC EVALUATOR,,,,,,,,,,,,,,,,,,,
,1,1380,,Other Peripherals,Keyboard,Others,Others,Unreadable,Unreadable, ,,On Site, ,,,,LC EVALUATOR, , , , , , , ,, , , , , ,,,,,,
,1,1380,,UPS,UPS-PC,Others,Others,PE 40502,PA63J01HLY,02/22/2018,,On Site,,,,,LC EVALUATOR,,,,,,,,,,,,,,,,,,,
,1,1380,,CPU,CPU-PC,HP,DX2810,PE 32128,SGH9130M0D,06/08/2009,,On Site,1380w0022_01,10.13.80.96,00-23-7D-2B-11-B3,,LC VERIFICATION,2GB,931.51 GB,738.0GB,1,Windows XP,DL DEMERIT,0,,0,0,0,0,Ver 4.0,,,,,,
,1,1380,,Monitor,Monitor-LCD,AOC,Others,PE 10729,F1082JA008454, ,,On Site, ,,,,LC VERIFICATION, , , , , , , ,, , , , , ,,,,,,
,1,1380,,Other Peripherals,Mouse,Others,Others,Unreadable,Unreadable,,,On Site,,,,,LC VERIFICATION,,,,,,,,,,,,,,,,,,,
,1,1380,,Other Peripherals,Keyboard,HP,Others,CI 18864,N/A, ,,On Site, ,,,,LC VERIFICATION, , , , , , , ,, , , , , ,,,,,,
,1,1380,,CPU,CPU-PC,HP,HP DeskPro 400 G4,PE 41066,SGH808QNBZ,42772,,On Site,1380W012_01,10.13.80.71,18-60-24-E5-59-7A,,CASHIER,4.00 GB,465.80 GB,352.0GB,1,Windows 10 32Bit,DL DEMERIT,0,,0,0,0,0,Ver 4.0,,,,,,
,1,1380,,Monitor,Monitor-LCD,HP,Others,PE 41564,3CQ8042BZ9, ,,On Site, ,,,,CASHIER, , , , , , , ,, , , , , ,,,,,,
,1,1380,,Other Peripherals,Mouse,HP,Others,CI 25566,N/A,,,On Site,,,,,CASHIER,,,,,,,,,,,,,,,,,,,
,1,1380,,Other Peripherals,Keyboard,HP,Others,CI 25055,N/A, ,,On Site, ,,,,CASHIER, , , , , , , ,, , , , , ,,,,,,
,1,1380,,UPS,UPS-PC,Others,Others,Unreadable,PA63H490YR,,,On Site,,,,,CASHIER,,,,,,,,,,,,,,,,,,,
,1,1380,,CPU,CPU-PC,HP,HP DeskPro 400 G4,PE 41054,SGH808QNKB,42772,,On Site,1380W002_02,,,,SPARE HWs,4.00 GB,232.90 GB,114.8GB,1,Windows 10 32Bit,DL DEMERIT,0,,0,0,0,0,Ver 4.0,,,,,,
,1,1380,,CPU,CPU-PC,HP,HP DeskPro 400 G4,PE 33937,SGH93702YW,42772,,On Site, PRODESK400g4_v2,,,,SPARE HWs,2GB,465.8GB,222.9GB,1,Windows 10 32Bit,DL DEMERIT,0,,0,0,0,0,Ver 4.0,,,,,,
,1,1380,,Monitor,Monitor-LCD,HP,Others,PE 26684,CNK84217J7, ,,On Site, ,,,,SPARE HWs, , , , , , , ,, , , , , ,,,,,,
,1,1380,,Other Peripherals,Keyboard,HP,Others,CI 25004,N/A, ,,On Site, ,,,,SPARE HWs, , , , , , , ,, , , , , ,,,,,,
,1,1380,,UPS,UPS-Server,Liebert,GXT5,PE 48846,2324501125AFFX3,,,On Site,,,,,,,,,,,,,,,,,,,,,,,,
,1,1308,,CPU,CPU-PC,HP,HP DX2710,PE 33222,SGH9130LZ2,39972,,On Site,1308w0050_01,,,,Site Support,3.46GB,465GB,429GB,1,Windows XP,DL DEMERIT,0,,0,0,0,0,Ver 4.0,,,,,,
,1,1308,,Monitor,Monitor-LCD,AOC,716Vwy,PE 10704,F1082JA008464, ,,On Site, ,,,, , , , , , , , ,, , , , , ,,,,,,
,1,1308,,Other Peripherals,Mouse,HP, ,CI 31103, ,,,On Site,,,,, ,,,,,,,,,,,,,,,,,,,
,1,1308,,Other Peripherals,Keyboard,COMPAQ, ,CI 6517, , ,,On Site, ,,,, , , , , , , , ,, , , , , ,,,,,,
,1,1308,,CPU,CPU-PC,HP,DX2810,PE 32023,SGH130LT7,39972,,On Site,1308w0040_01,10.13.8.80,00-23-7D-2B-70-4F,,CASHIER,3.46GB,298.1GB,266.9GB,0.97,Windows XP,DL DEMERIT,0,,0,0,0,0,Ver 4.0,,,,,,
,1,1308,,Monitor,Monitor-LCD,HP,"19.5""",PE 51413,3CQ50307R6,,,On Site,,,,,,,,,,,,,,,,,,,,,,,,
,1,1308,,Monitor,Monitor-LCD,HP,P204V,PE 45515,3CQ01500W7, ,,On Site, ,,,, , , , , , , , ,, , , , , ,,,,,,
,1,1308,,Other Peripherals,Mouse, , ,CI 30473, ,,,On Site,,,,, ,,,,,,,,,,,,,,,,,,,
,1,1308,,CPU,CPU-PC,HP,DX2710,PE 29906,SGH847005V,39792,,On Site,1308w0003_02,10.13.8.71,00-23-7D-16-66-9A,,RELEASING OFFICER,3.24GB,149.00 GB,116.4GB,1,Windows XP,DL DEMERIT,0,,0,1,0,0,Ver 4.0,,,,,,
,1,1308,,Monitor,Monitor-LCD,HP,L1910,PE 26625,CNK84217JS, ,,On Site, ,,,, , , , , , , , ,, , , , , ,,,,,,
,1,1308,,CPU,CPU-PC,HP,DX2710,PE 30380,SGH8400X3,39792,,On Site,1308w0015_23,10.13.8.225,00-23-7D-16-66-67,,APPROVING,1.99GB,148.1GB,105.5GB,0.9,Windows XP,DL DEMERIT,0,,0,0,,,Ver 4.0,,,,,,
,1,1308,,CPU,CPU-PC,HP,DX2710,PE 32101,SGH9130LVP,39792,,On Site,1308w0050_01,10.13.8.79,00-23-7D-2B-7A-19,,Site Support,4.00 GB,931GB,864.6GB,100%,Windows XP,DL DEMERIT,0,,,0,0,0,Ver 4.0,,,,,,
,1,1308,,CPU,CPU-PC,HP,DX2710,PE 29942,SGH8470050,39792,,On Site,1308w0021_02,,,,EVALUATOR,3.24GB,229.1GB,121.4GB,0.8,Windows XP,DL DEMERIT,0,,1,0,0,0, Ver 3.5,,,,,,
,1,1308,,Monitor,Monitor-LCD,HP,L1910,PE 26312,CNK8400K6D, ,,On Site, ,,,,EVALUATOR, , , , , , , ,, , , , , ,,,,,,
,1,1308,,CPU,CPU-PC,HP,DX2810,PE 36992,SGH042SJFV,39972,,On Site,1308w0033_01,,,,EVALUATOR,2.87GB,232.90 GB,201.7GB,1,Windows XP,DL DEMERIT,0,,0,0,0,0,Ver 4.0,,,,,,
,1,1308,,Monitor,Monitor-LCD,HP,L1910,PE 01023,CNC927NYV6, ,,On Site, ,,,, , , , , , , , ,, , , , , ,,,,,,
,1,1308,,CPU,CPU-PC,HP,DX2710,PE 30328,SGH8470059,39792,,On Site,1308w0020_02,10.13.8.74,00-23-7D-16-66-DF,,EVALUATOR,3.24GB,149.00 GB,123GB,0.9,Windows XP,DL DEMERIT,0,,0,0,0,0, Ver 3.5,,,,,,
,1,1308,,Monitor,Monitor-LCD,HP,L1910,PE 31823,CNK8400KDX, ,,On Site, ,,,, , , , , , , , ,, , , , , ,,,,,,
,1,1308,,CPU,CPU-PC,HP,DX2710,PE 29888,SGH847006R,39792,,On Site,1308w0041_7,10.13.8.189,00-23-7D-16-66-B8,,EVALUATOR,3.24GB,465.70 GB,437.5GB,1,Windows XP,DL DEMERIT,0,,0,0,0,0,Ver 4.0,,,,,,
,1,1308,,Monitor,Monitor-LCD,HP,L1910,PE 26714,CNK8400K12, ,,On Site, ,,,, , , , , , , , ,, , , , , ,,,,,,
,1,1308,,CPU,CPU-PC,HP,DX2710,PE 29894,SGH8470085,39792,,On Site,1308w0023_01,10.13.8.72,00-23-7D-16-66-E2,,EVALUATOR,3.24GB,232.90 GB,199GB,1,Windows XP,DL DEMERIT,0,,0,0,0,0,Ver 4.0,,,,,,
,1,1308,,Monitor,Monitor-LCD,HP,L1910,PE 33981,CNC926RNV5, ,,On Site, ,,,, , , , , , , , ,, , , , , ,,,,,,
,1,1308,,Other Peripherals,Mouse,A4tech, ,CI 30516, ,,,On Site,,,,, ,,,,,,,,,,,,,,,,,,,
,1,1308,,CPU,CPU-PC,HP,DX2810,PE 32512,SGH9130LL0,39972,,On Site,1308w0012_01,10.13.8.73,00-03-47-3A-AC-C4,,INSPECTOR,4.00 GB,149.00 GB,95.5GB,1,Windows XP,DL DEMERIT,0,,0,0,0,0,Ver 4.0,,,,,,
,1,1308,,Monitor,Monitor-LCD,HP, ,PE 04725,Unreadable, ,,On Site, ,,,, , , , , , , , ,, , , , , ,,,,,,
,1,1308,,Other Peripherals,Mouse,A4tech, ,CI 30516, ,,,On Site,,,,, ,,,,,,,,,,,,,,,,,,,
,1,1308,,CPU,CPU-PC,HP,DX2710,PE 29963,SGH8470137,39792,,On Site,1308w0018_02,,,,EVALUATOR,3.24GB,149.00 GB,88GB,1,Windows XP,DL DEMERIT,0,,0,0,0,0,Ver 4.0,,,,,,
,1,1308,,CPU,CPU-PC,HP,DX2710,PE 26191,SGH847010S,39792,,On Site,1308w0087_03,,,, ,3.24GB,148.80 GB,120GB,0.85,Windows XP,DL DEMERIT,0,,0,0,0,0,Ver 4.0,,,,,,
,1,1308,,Monitor,Monitor-LCD,HP,L1910,PE 26618,CNK8401KJ8, ,,On Site, ,,,, , , , , , , , ,, , , , , ,,,,,,
,1,1308,,CPU,CPU-PC,HP,DX2810,PE 36049,SGH037TYCF,39972,,On Site,1308w0020_23,10.13.8.70,6C-62-6D-68-8A-B0,,EVALUATOR,2.87GB,465.8GB,439.9GB,1,Windows XP,DL DEMERIT,0,,0,0,0,0,Ver 4.0,,,,,,
,1,1308,,Monitor,Monitor-LCD,HP,L1910,PE 26666,CNK8411KHV, ,,On Site, ,,,, , , , , , , , ,, , , , , ,,,,,,
,1,1308,,Other Peripherals,Keyboard,HP, ,CI 13607, , ,,On Site, ,,,, , , , , , , , ,, , , , , ,,,,,,
,1,1308,,Monitor,Monitor-LCD,HP ,HP L1910,PE 28948,CNK8400JN9, ,,On Site, ,,,,MV-EVALUATOR, , , , , , , ,, , , , , ,,,,,,
,1,1308,,Other Peripherals,Keyboard, , ,Unreadable,Unreadable, ,,On Site, ,,,, , , , , , , , ,, , , , , ,,,,,,
,1,1308,,Other Peripherals,Mouse, , ,Unreadable,Unreadable,,,On Site,,,,, ,,,,,,,,,,,,,,,,,,,
,1,1308,,UPS,UPS-Server,Liebert,GXT5,PE 48200,2201901946AFFX3,,,On Site,,,,,,,,,,,,,,,,,,,,,,,,
,1,1308,,CPU,CPU-PC,HP,G9,PE 51145,4CE348BCFT,,,On Site,,,,,,,,,,Windows 11 64Bit,,,,,,,,,,,,,,
,1,1360,,CPU,CPU-PC,HP,HP DeskPro 400 G4,PE 41106,SGH808QNLQ,42772,,On Site,1360W005_01,,,,EVALUATOR,4.00 GB,500 GB,362GB,1,Windows 10 32Bit,DL DEMERIT,0,,0,0,0,0,Ver 4.0,,,,,,
,1,1360,,Other Peripherals,Mouse,HP, ,CI 25588,Unreadable,,,On Site,,,,, ,,,,,,,,,,,,,,,,,,,
,1,1360,,CPU,CPU-PC,HP,HP DeskPro 400 G4,PE 41100,SGH808QNF7,42772,,On Site,1360W006_1,,,,EVALUATOR,4.00 GB,464 GB,411GB,1,Windows 10 32Bit,DL DEMERIT,0,,0,0,0,0,Ver 4.0,,,,,,
,1,1360,,Monitor,Monitor-LCD,HP,V194,PE 41600,3CQ8042DJX, ,,On Site, ,,,, , , , , , , , ,, , , , , ,,,,,,
,1,1360,,Other Peripherals,Keyboard,Lenovo,,Unreadable,Unreadable, ,,On Site, ,,,, , , , , , , , ,, , , , , ,,,,,,
,1,1360,,CPU,CPU-PC,HP,HP DeskPro 400 G4,PE 41096,SGH808QNFR,02/06/2017,,On Site,1360W0020_02,,,,EVALUATOR,4.00 GB,464 GB,397GB,1,Windows 10 32Bit,DL DEMERIT,0,,0,0,0,0,Ver 4.0,,,,,,
,1,1360,,CPU,CPU-PC,HP,HP DeskPro 400 G4,PE 27425,unreadable ,42772,,On Site,1360W019_01,,,,CASHIER,4.00 GB,463.1GB,382.2GB,1,Windows 10 32Bit,DL DEMERIT,0,,0,0,0,0,Ver 4.0,,,,,,
,1,1360,,Monitor,Monitor-LCD,HP,V194,PE 41594,unreadable , ,,On Site, ,,,, , , , , , , , ,, , , , , ,,,,,,
,1,1360,,CPU,CPU-PC,HP,HP DeskPro 400 G4,PE 41103,SGH808QNFX,02/06/2017,,On Site,1360W013_01,,,,RELEASING,4.00 GB,464 GB,3.39GB,100%,Windows 10 32Bit,DL DEMERIT,0,,0,0,1,1,Ver 4.0,,,,,,
,1,1360,,Monitor,Monitor-LCD,HP,V194,PE 41593,3CQ8042BZ8, ,,On Site, ,,,, , , , , , , , ,, , , , , ,,,,,,
,1,1360,,Other Peripherals,Keyboard,HP,SK2120,CI 25103,Unreadable, ,,On Site, ,,,, , , , , , , , ,, , , , , ,,,,,,
,1,1360,,UPS,UPS-Server,Liebert,GXT4,PE 42269,1814500134AFC03,,,On Site,,,,,,,,,,,,,,,,,,,,,,,,
,1,1360,,CPU,CPU-PC,HP,HP Pro SSF 400 G9,PE 48726,4CE336BRCK,,,On Site,,,,,,,,,,Windows 10 64 Bit,,,,,,,,,,,,,,
,1,1360,,CPU,CPU-PC,HP,HP Pro SSF 400 G9,PE 48732,4CE336BRC6,,,On Site,,,,,,,,,,Windows 10 64 Bit,,,,,,,,,,,,,,
,1,1360,,CPU,CPU-PC,HP,HP Pro SSF 400 G9,PE 48730,4CE336BRDS,,,On Site,,,,,,,,,,Windows 10 64 Bit,,,,,,,,,,,,,,
,1,1360,,CPU,CPU-PC,HP,HP Pro SSF 400 G9,PE 48734,4CE336BR9M,,,On Site,,,,,,,,,,Windows 10 64 Bit,,,,,,,,,,,,,,
,1,1360,,CPU,CPU-PC,HP,HP Pro SSF 400 G9,PE 49030,4CE336D7HT,,,On Site,,,,,,,,,,Windows 10 64 Bit,,,,,,,,,,,,,,
,1,1360,,Other Peripherals,Keyboard,HP,N/A,CI 31773,N/A,,,On Site,,,,,,,,,,,,,,,,,,,,,,,,
,1,1360,,Other Peripherals,Keyboard,HP,N/A,CI 31779,N/A,,,On Site,,,,,,,,,,,,,,,,,,,,,,,,
,1,1360,,Other Peripherals,Keyboard,HP,N/A,CI 31781,N/A,,,On Site,,,,,,,,,,,,,,,,,,,,,,,,
,1,1360,,Other Peripherals,Keyboard,HP,N/A,CI 31985,N/A,,,On Site,,,,,,,,,,,,,,,,,,,,,,,,
,1,1360,,Other Peripherals,Mouse,HP,N/A,CI 31738,N/A,,,On Site,,,,,,,,,,,,,,,,,,,,,,,,
,1,1360,,Other Peripherals,Mouse,HP,N/A,CI 31744,N/A,,,On Site,,,,,,,,,,,,,,,,,,,,,,,,
,1,1360,,Other Peripherals,Mouse,HP,N/A,CI 31742,N/A,,,On Site,,,,,,,,,,,,,,,,,,,,,,,,
,1,1360,,Other Peripherals,Mouse,HP,N/A,CI 31746,N/A,,,On Site,,,,,,,,,,,,,,,,,,,,,,,,
,1,1360,,Other Peripherals,Mouse,HP,N/A,CI 32020,N/A,,,On Site,,,,,,,,,,,,,,,,,,,,,,,,
,1,1360,,Monitor,Monitor-LCD,HP,V194,PE 41602,3CQ8042DJP,,,On Site,,,,,,,,,,,,,,,,,,,,,,,,
,1,1360,,Monitor,Monitor-LCD,HP,"V195 18.5""",PE 41966,3CQ7140GY7,,,On Site,,,,,,,,,,,,,,,,,,,,,,,,
,1,1360,,Monitor,Monitor-LCD,HP,"19.5""",PE 48607,3CQ3060FR9,,,On Site,,,,,,,,,,,,,,,,,,,,,,,,
,1,1360,,Monitor,Monitor-LCD,HP,"19.5""",PE 48608,3CQ3060BDH,,,On Site,,,,,,,,,,,,,,,,,,,,,,,,
,1,1360,,Monitor,Monitor-LCD,HP,"19.5""",PE 48606,3CQ3060FS2,,,On Site,,,,,,,,,,,,,,,,,,,,,,,,
,1,1360,,Monitor,Monitor-LCD,HP,"19.5""",PE 48604,3CQ3060FR5,,,On Site,,,,,,,,,,,,,,,,,,,,,,,,
,1,1360,,Monitor,Monitor-LCD,HP,"19.5""",PE 48601,3CQ3060FRM,,,On Site,,,,,,,,,,,,,,,,,,,,,,,,
,1,1360,,UPS,UPS-PC,Eaton,5E900i,PE 49172,GM33P44130,,,On Site,,,,,,,,,,,,,,,,,,,,,,,,
,1,1360,,UPS,UPS-PC,Eaton,5E900i,PE 49171,GM33P44133,,,On Site,,,,,,,,,,,,,,,,,,,,,,,,
,1,1360,,UPS,UPS-PC,Eaton,5E900i,PE 40560,Unreadable ,,,On Site,,,,,,,,,,,,,,,,,,,,,,,,
,1,1360,,UPS,UPS-PC,Eaton,5E900i,PE 20290,Unreadable ,,,On Site,,,,,,,,,,,,,,,,,,,,,,,,
,1,1360,,UPS,UPS-PC,Eaton,5E900i,PE 49170,GM33P44125,,,On Site,,,,,,,,,,,,,,,,,,,,,,,,
,1,1360,,UPS,UPS-PC,Eaton,5E900i,PE 49189,GM33P44107,,,On Site,,,,,,,,,,,,,,,,,,,,,,,,
,1,1360,,UPS,UPS-PC,Eaton,5E900i,PE 49188,GM33P44147,,,On Site,,,,,,,,,,,,,,,,,,,,,,,,
,1,1376,,CPU,CPU-PC,HP,DX2710,PE 49020,4CE336D7G7,39792,,On Site,1376W0176_13,,,,EVALUATOR,3.24 GB,148.3 GB,122.9GB,1,Windows XP,DL DEMERIT,0,,0,0,0,0,Ver 4.0,,,,,,
,1,1376,,Monitor,Monitor-LCD,HP ,V194,PE 41589,3CQ8042DHR, ,,On Site, ,,,, , , , , , , ,0,, , , , , ,,,,,,
,1,1376,,Other Peripherals,Keyboard, , ,CI 31975,Unreadable, ,,On Site, ,,,, , , , , , , , ,, , , , , ,,,,,,
,1,1376,,UPS,UPS-PC,,,PE 49186,Unreadable,,,On Site,,,,,,,,,,,,,,,,,,,,,,,,
,1,1376,,CPU,CPU-PC,HP,DX2710,PE 48736 ,4CE336BRB9,39792,,On Site,,,,,,3.24 GB,148.3 GB,122.9GB,1,Windows XP,DL DEMERIT,0,,0,0,0,0,Ver 4.0,,,,,,
,1,1376,,CPU,CPU-PC,HP,DX2710,PE 49037,Unreadable,39792,,On Site,,,,,,4.00 GB,148.3 GB,122.4GB,1,Windows XP,DL DEMERIT,0,,0,0,0,0,Ver 4.0,,,,,,
,1,1376,,CPU,CPU-PC,HP,DX2710,PE 41089,Unreadable,39792,,On Site,,,,,,4.00 GB,148.3 GB,122.4GB,1,Windows XP,DL DEMERIT,0,,0,0,0,0,Ver 4.0,,,,,,
,1,1376,,CPU,CPU-PC,HP,DX2710,PE 41097,Unreadable,39792,,On Site,1376w0011_11,,,,CASHIER,4.00 GB,148.3 GB,122.4GB,1,Windows XP,DL DEMERIT,0,,0,0,0,0,Ver 4.0,,,,,,
,1,1376,,Monitor,Monitor-LCD,HP ,L1910,PE 50253,Unreadable,,,On Site,,,,,,,,,,,,,,,,,,,,,,,,
,1,1376,,Monitor,Monitor-LCD,HP ,L1910,PE 50254,3CQ41302M0,,,On Site,,,,,,,,,,,,,,,,,,,,,,,,
,1,1376,,Monitor,Monitor-LCD,HP ,L1910,PE 41599,Unreadable, ,,On Site, ,,,, , , , , , , , ,, , , , , ,,,,,,
,1,1376,,Other Peripherals,Mouse,,,CI 32027,Unreadable,,,On Site,,,,,,,,,,,,,,,,,,,,,,,,
,1,1376,,Other Peripherals,Mouse,,,CI 31748,Unreadable,,,On Site,,,,,,,,,,,,,,,,,,,,,,,,
,1,1376,,Other Peripherals,Keyboard,,,CI 31783,Unreadable,,,On Site,,,,,,,,,,,,,,,,,,,,,,,,
,1,1376,,Other Peripherals,Keyboard,,,CI 31992,Unreadable,,,On Site,,,,,,,,,,,,,,,,,,,,,,,,
,1,1376,,Other Peripherals,Keyboard,HP ,SK2120,CI 25101,Unreadable, ,,On Site, ,,,, , , , , , , , ,, , , , , ,,,,,,
,1,1376,,UPS,UPS-Server,Liebert,GXT4,PE 42274,1814500138AFC03,,,On Site,,,,,,,,,,,,,,,,,,,,,,,,
,1,1300,,CPU,CPU-PC,HP,DX2710,PE 29897,SGH847013D,,,On Site,1301W015_02,,,,Cashier,4.00 GB,150.00 GB,117.5.GB,0.95,Windows XP,OR/CR,0,,0,0,0,0,Ver 4.0,,,,,,
,1,1300,,CPU,CPU-PC,HP,DX2710,PE 26852,SGH8470D9H,39792,,On Site,1300W00931_3,10.13.1.40,00-23-7D-16-7A-36,,DOSysAdmin,2GB,150.00 GB,118.16GB,1,Windows XP,OR/CR,1,1,0,0,0,0,Ver 4.0,,,,,,
,1,1300,,Monitor,Monitor-LCD,HP, ,PE 26707,CNK8400K8R, ,,On Site, ,,,, , , , , , , , ,, , , , , ,,,,,,
,1,1300,,Other Peripherals,Mouse, , ,Unreadable,Unreadable,,,On Site,,,,, ,,,,,,,,,,,,,,,,,,,
,1,1300,,CPU,CPU-PC,HP,DX2710,PE 26880,SGH8470DCS,39792,,On Site,NCR_RO_01,,,,Land Bank,4.00 GB,149.05 GB,115GB,1,Windows XP,OR/CR,0,,0,0,0,0,Ver 4.0,,,,,,
,1,1300,,CPU,CPU-PC,DELL,Dell optiplex 360/330,PE 29279,8566YIS,06/19/2007,,On Site,1300W0081_5,,,,RAA,2GB,149.00 GB,85GB,1,Windows XP,OR/CR,0,,0,0,0,0,Ver 4.0,,,,,,
,1,1300,,Monitor,Monitor-LCD,HP, ,PE 46110,3CQ0360C6R, ,,On Site, ,,,, , , , , , , , ,, , , , , ,,,,,,
,1,1300,,UPS,UPS-PC,POWERWARE, ,PE 580,B17232,06/19/2007,,On Site,,,,, ,,,,,,,,,,,,,,,,,,,
,1,1300,,CPU,CPU-PC,HP,DX2710,PE 26831,SGH8470DC8,39792,,On Site,1300W100_03,,,,LERF FINANCE REPORT,4.00 GB,1 TB,897.16GB,1,Windows XP,OR/CR,0,,0,0,0,0,Ver 4.0,,,,,,
,1,1300,,Monitor,Monitor-LCD,Dell,"14""",PE 30719,CN-0MM139-72872-7AI-2GTS, ,,On Site, ,,,, , , , , , , , ,, , , , , ,,,,,,
,1,1300,,CPU,CPU-PC,HP,DX2810,PE 36135,SGH037TYD7,39972,,On Site,1301W0013_01,,,,Payroll System 19H.3,4.00 GB,149.00 GB,85GB,1,Windows XP,OR/CR,0,,0,0,0,0,Ver 4.0,,,,,,
,1,1300,,Monitor,Monitor-LCD,HP, ,PE 26728,CNK8400KRR, ,,On Site, ,,,, , , , , , , , ,, , , , , ,,,,,,
,1,1300,,CPU,CPU-PC,HP,DX2710,PE 30360,SGH8470065,39792,,On Site,1300W0220_1,,,,Payroll System 19H.3,2GB,150.00 GB,112.9GB,0.98,Windows XP,OR/CR,0,,0,0,0,0,Ver 4.0,,,,,,
,1,1300,,Monitor,Monitor-LCD,HP,,PE 36211,CNK0340SXM,,,On Site,,,,,,,,,,,,,,,,,,,,,,,,
,1,1300,,Monitor,Monitor-LCD,HP,"19.5""",PE 51406,3CQ51105BX,,,On Site,,,,,,,,,,,,,,,,,,,,,,,,
,1,1300,,Monitor,Monitor-LCD,HP,"19.5""",PE 51407,3CQ50307NM, ,,On Site, ,,,, , , , , , , , ,, , , , , ,,,,,,
,1,1300,,Other Peripherals,Mouse, , ,CI 28128,Unreadable,,,On Site,,,,, ,,,,,,,,,,,,,,,,,,,
,1,1300,,UPS,UPS-PC,APC, ,PE 23148,40211320511,06/19/2007,,On Site,,,,, ,,,,,,,,,,,,,,,,,,,
,1,1300,,CPU,CPU-PC,DELL,Dell optiplex 360/330,PE 2870,7GZTS1S,06/19/2007,,On Site,1801w00359,10.13.1.236,00-1D-09-23-80-DF,,Hearing Officer,2GB,250GB,173GB,1,Windows XP,OR/CR,0,,0,0,0,0,Ver 4.0,,,,,,
,1,1300,,Monitor,Monitor-LCD,HP, ,PE 26636,CNK84273C, ,,On Site, ,,,, , , , , , , , ,, , , , , ,,,,,,
,1,1300,,UPS,UPS-PC,POWERCOM ,BNT1000,PE 1383,20763310709,,,On Site,,,,,,,,,,,,,,,,,,,,,,,,
,1,1300,,UPS,UPS-PC,POWERWARE, ,PE 27171,B26376,02/19/2007,,On Site,,,,, ,,,,,,,,,,,,,,,,,,,
,1,1300,,CPU,CPU-PC,DELL,Dell optiplex 360/330,PE 8939,6H6PW18,06/19/2007,,On Site,1801w0010_09,,,,Evaluator,2GB,160.00 GB,86.4GB,1,Windows XP,OR/CR,0,,0,0,0,0,Ver 4.0,,,,,,
,1,1300,,Monitor,Monitor-LCD,HP, ,PE 29355,NONE, ,,On Site, ,,,, , , , , , , , ,, , , , , ,,,,,,
,1,1300,,Other Peripherals,Keyboard, , ,Unreadable,BFB03E, ,,On Site, ,,,, , , , , , , , ,, , , , , ,,,,,,
,1,1300,,UPS,UPS-PC,POWERCOM ,BNT1000,PE 25297,40267100611,,,On Site,,,,,,,,,,,,,,,,,,,,,,,,
,1,1300,,UPS,UPS-PC,APC, ,PE 48833,242212406543SH,08/24/2002,,On Site,,,,, ,,,,,,,,,,,,,,,,,,,
,1,1300,,Monitor,Monitor-LCD,HP, ,PE 24527,CN-0WR979-64180-83X-0LBU, ,,On Site, ,,,, , , , , , , , ,, , , , , ,,,,,,
,1,1300,,CPU,CPU-PC,HP,DX2810,PE 34878,SGH029TZ1B,39972,,On Site,1300w0_26,10.13.1.97,6C-62-6D-OE-EC-AF,,Hearing Officer,4.00 GB,500 GB,118GB,0.09,Windows XP,OR/CR,0,,0,0,0,0,Ver 4.0,,,,,,
,1,1300,,Monitor,Monitor-LCD,HP, ,PE 26637,CNK8421845, ,,On Site, ,,,, , , , , , , , ,, , , , , ,,,,,,
,1,1300,,CPU,CPU-PC,HP,DX2710,PE 27349,SGH84700B5,39792,,On Site,1300w040_2,10.13.1.142,00-23-7D-16-63-35,,Evaluator,2GB,150.00 GB,121GB,1,Windows XP,OR/CR,0,,0,0,0,0,Ver 4.0,,,,,,
,1,1300,,Monitor,Monitor-LCD,HP, ,PE 45816,CNC929NRNV, ,,On Site, ,,,, , , , , , , , ,, , , , , ,,,,,,
,1,1300,,Other Peripherals,Keyboard, , ,CI 17544,Unreadable, ,,On Site, ,,,, , , , , , , , ,, , , , , ,,,,,,
,1,1300,,Other Peripherals,Mouse, , ,CI 25142,Unreadable,,,On Site,,,,, ,,,,,,,,,,,,,,,,,,,
,1,1300,,CPU,CPU-PC,HP,DX2710,PE 30388,SGH8470031,39792,,On Site,1300W0088_3,10.13.1.192,00-23-7D-16-67-78,,Releasing Officer,4.00 GB,150.00 GB,2GB,0.95,Windows XP,OR/CR,0,,0,0,0,0,V 2.0,,,,,,
,1,1300,,Monitor,Monitor-LCD,DELL, ,PE 26632,NK84217GK, ,,On Site, ,,,, , , , , , , , ,, , , , , ,,,,,,
,1,1300,,CPU,CPU-PC,HP,DX2710,PE 29927,SGH847009C,39792,,On Site,1300W_DIY_02,10.13.1.203,00-23-7D-16-6B-1F,,Data Encoder,4.00 GB,465GB,194GB,1,Windows XP,OR/CR,0,,0,0,0,0,Ver 4.0,,,,,,
,1,1300,,Monitor,Monitor-LCD,HP, ,PE 26639,CNK842186H, ,,On Site, ,,,, , , , , , , , ,, , , , , ,,,,,,
,1,1300,,Other Peripherals,Mouse, , ,CI 24885,Unreadable,,,On Site,,,,, ,,,,,,,,,,,,,,,,,,,
,1,1300,,CPU,CPU-PC,HP,DX2710,PE 27420,SGH847002V,12/10/2008,,On Site,1300W_DIY_03,,,,Data Encoder,4.00 GB,149.05 GB,131GB,1,Windows XP,OR/CR,0,,0,0,0,0,Ver 4.0,,,,,,
,1,1300,,CPU,CPU-PC,HP,DX2710,PE 29926,SGH847004B,12/10/2008,,On Site,1300W0021_1,10.13.1.81,00-23-7D-16-68-5A,,Cashier,4.00 GB,149.05 GB,57GB,1,Windows XP,OR/CR,0,,0,0,0,0,Ver 4.0,,,,,,
,1,1300,,Monitor,Monitor-LCD,HP, ,PE 26629,CNK84217GP, ,,On Site, ,,,, , , , , , , , ,, , , , , ,,,,,,
,1,1300,,CPU,CPU-PC,HP,HP Pro SSF 400 G9,PE 47841,4CE323DRK1,08/01/2023,,On Site,1300w0025_99,10.13.1.243,EO-73-E7-B2-48-C9,,Evaluator,8.00 GB,500GB,391GB,1,Windows 10 64 Bit,OR/CR,0,,0,0,0,0,Ver 4.0,,,,,,
,1,1300,,Monitor,Monitor-LCD,HP, ,PE 30791,CN-OMM139-72872-7AI-2G5S, ,,On Site, ,,,, , , , , , , , ,, , , , , ,,,,,,
,1,1300,,Other Peripherals,Keyboard, , ,CI 31545,Unreadable, ,,On Site, ,,,, , , , , , , , ,, , , , , ,,,,,,
,1,1300,,Other Peripherals,Mouse, , ,CI 31604,Unreadable,,,On Site,,,,, ,,,,,,,,,,,,,,,,,,,
,1,1300,,CPU,CPU-PC,HP,DX2710,PE 31955,SGH8470D9F,12/10/2008,,On Site,1301W0014_01,,,,Plate Verification,2GB,160.00 GB,121GB,1,Windows XP,OR/CR,0,,0,0,0,0,Ver 4.0,,,,,,
,1,1300,,CPU,CPU-PC,HP,Pro3000,PE 37026,SGH042SJCY,06/08/2009,,On Site,1300W0021-_02,10.13.1.210,FC-75-16-61-1D-C1,,Evaluator,2GB,500GB,433.2GB,1,Windows XP,OR/CR,0,,0,0,0,0,Ver 4.0,,,,,,
,1,1300,,Monitor,Monitor-LCD,HP, ,PE 26631,CNK842185Q, ,,On Site, ,,,, , , , , , , , ,, , , , , ,,,,,,
,1,1300,,UPS,UPS-PC,POWERWARE, ,Unreadable,B25593,,,On Site,,,,, ,,,,,,,,,,,,,,,,,,,
,1,1300,,CPU,CPU-PC,HP,DX2710,PE 31952,SGH8470D5D,12/10/2008,,On Site,1300W0016_02,,,,Evaluator,4.00 GB,150.00 GB,99.09GB,0.9,Windows XP,OR/CR,0,,0,0,0,0,Ver 4.0,,,,,,
,1,1300,,Monitor,Monitor-LCD,HP, ,PE 26633,CNK842186K, ,,On Site, ,,,, , , , , , , , ,, , , , , ,,,,,,
,1,1300,,CPU,CPU-PC,HP,Pro3000,PE 35687,SGH032PZ7S,12/10/2008,,On Site,1801W0030_01,10.13.1.223,00-23-7d-16-63-40,,Evaluator,4.00 GB,160.00 GB,111GB,1,Windows XP,OR/CR,0,,0,0,0,0,Ver 4.0,,,,,,
,1,1300,,Monitor,Monitor-LCD,HP, ,PE 26630,CNK8421864, ,,On Site, ,,,, , , , , , , , ,, , , , , ,,,,,,
,1,1300,,Other Peripherals,Keyboard, , ,CI 19352,PZ83C8, ,,On Site, ,,,, , , , , , , , ,, , , , , ,,,,,,
,1,1300,,CPU,CPU-PC,HP,DX2710,PE 29917,SGH8470052,39792,,On Site,1300W0009_1,10.13.1.254,00-22-64-B7-75-4B,,Evaluator,4.00 GB,160.00 GB,86GB,1,Windows XP,OR/CR,0,,0,0,0,0,Ver 4.0,,,,,,
,1,1300,,Monitor,Monitor-LCD,HP, ,PE 26626,CNK842185D, ,,On Site, ,,,, , , , , , , , ,, , , , , ,,,,,,
,1,1300,,Other Peripherals,Mouse, , ,Unreadable,Unreadable,,,On Site,,,,, ,,,,,,,,,,,,,,,,,,,
,1,1300,,CPU,CPU-PC,HP,DX2710,PE 30341,SGH84700CT,39792,,On Site,1300W0045_1,10.13.1.230,00-23-7D-16-63-D8,,Approving Officer,4.00 GB,150.00 GB,149.05GB,1,Windows XP,OR/CR,0,,0,0,0,0,Ver 4.0,,,,,,
,1,1300,,Monitor,Monitor-LCD,HP, ,PE 26635,CNK8421863, ,,On Site, ,,,, , , , , , , , ,, , , , , ,,,,,,
,1,1300,,Other Peripherals,Mouse, , ,Unreadable,Unreadable,,,On Site,,,,, ,,,,,,,,,,,,,,,,,,,
,1,1300,,CPU,CPU-PC,HP,DX2710,PE 30352,SGH84700V7,39792,,On Site,1300W0023_01,10.13.1.57,00-22-64-B7-72-D6,,Approving Officer,4.00 GB,150.00 GB,104.05GB,1,Windows XP,OR/CR,0,,,0,0,0,Ver 4.0,,,,,,
,1,1300,,Monitor,Monitor-LCD,HP, ,PE 26634,CNK84217FZ, ,,On Site, ,,,, , , , , , , , ,, , , , , ,,,,,,
,1,1300,,Monitor,Monitor-LCD,HP, ,PE 28924,CNK8421772, ,,On Site, ,,,,SERVER OPD, , , , , , , ,, , , , , ,,,,,,
,1,1300,,UPS,UPS-Server,Liebert, GXT5,PE 49575,2332101119AFFX3,,,On Site,,,,,,,,,,,,,,,,,,,,,,,,
,1,1300,,CPU,CPU-PC,HP,DX2710,PE 26185,SGH84700YN,39792,,On Site,1301W0021_02,,,,SITE SUPPORT,4.00 GB,500 GB,410.06GB,1,Windows XP,OR/CR,0,,0,0,0,0,Ver 4.0,,,,,,
,1,1300,,Other Peripherals,Mouse, , ,CI 22727,NO SERIAL,,,On Site,,,,, ,,,,,,,,,,,,,,,,,,,
,1,1300,,Other Peripherals,Keyboard, , ,CI 15521,NO SERIAL, ,,On Site, ,,,, , , , , , , , ,, , , , , ,,,,,,
,1,1300,,CPU,CPU-PC,HP,DX2710,PE 29930,SGH8470058,39792,,On Site,1300W0088_2,10.13.1.74,6c-62-6d-4B-F7-B5,,Supply Officer,4.00 GB,160.00 GB,132GB,1,Windows XP,OR/CR,0,,,1,0,0,Ver 4.0,,,,,,
,1,1300,,Monitor,Monitor-LCD,HP, ,PE 26645,CNK8400K8Q, ,,On Site, ,,,, , , , , , , , ,, , , , , ,,,,,,
,1,1300,,UPS,UPS-PC,POWERWARE, ,PE 13427,B24940,02/24/2002,,On Site,,,,, ,,,,,,,,,,,,,,,,,,,
,1,1300,,CPU,CPU-PC,HP,DX2710,PE 26119,SGH84700X5,12/10/2008,,On Site,1301W002_02,,,,Evaluator,4.00 GB,150.00 GB,121.8GB,0.94,Windows XP,OR/CR,0,,0,0,0,0,Ver 4.0,,,,,,
,1,1300,,Monitor,Monitor-LCD,HP, ,PE 26647,CNK8400KH1, ,,On Site, ,,,, , , , , , , , ,, , , , , ,,,,,,
,1,1300,,Other Peripherals,Keyboard, , ,CI 28027,Unreadable, ,,On Site, ,,,, , , , , , , , ,, , , , , ,,,,,,
,1,1300,,Other Peripherals,Mouse, , ,CI 13794,Unreadable,,,On Site,,,,, ,,,,,,,,,,,,,,,,,,,
,1,1300,,CPU,CPU-PC,HP,DX2710,PE 25512,SGH84700W2,39792,,On Site,1300W0067_02,10.13.1.133,00-22-64-B7-74-77,,APPROVING OFFICER,4.00 GB,150.00 GB,106.5GB,1,Windows XP,OR/CR,0,1,1,0,0,0,Ver 4.0,,,,,,
,1,1300,,Monitor,Monitor-LCD, , ,PE 26627,CNK842186G, ,,On Site, ,,,, , , , , , , , ,, , , , , ,,,,,,
,1,1300,,Other Peripherals,Mouse, , ,CI 29866,no serial,,,On Site,,,,, ,,,,,,,,,,,,,,,,,,,
,1,1300,,CPU,CPU-PC,HP,DX2810,PE 33566,SGH9350P8P,,,On Site,,,,,,,,,,Windows XP,,,,,,,,,,,,,,
,1,1300,,CPU,CPU-PC,HP,DX2710,PE 27364,SGH8470DCJ,12/10/2008,,On Site,1801W0015_12,,,,Evaluator,4.00 GB,150.00 GB,433.2GB,1,Windows XP,OR/CR,0,,0,0,0,0,Ver 4.0,,,,,,
,1,1300,,CPU,CPU-PC,HP,DX2710,PE 25517,SGH84700CV,12/10/2008,,On Site,1801W0029_11,,,,Data Encoder,4.00 GB,150.00 GB,391GB,1,Windows XP,OR/CR,0,,0,0,0,0,Ver 4.0,,,,,,
,1,1300,,CPU,CPU-PC,HP,DX2710,PE 30330,SGH8470092,12/10/2008,,On Site,1801W002_19,,,,Data Encoder,4.00 GB,150.00 GB,433.2GB,1,Windows XP,OR/CR,0,,0,0,0,0,Ver 4.0,,,,,,
,1,1300,,CPU,CPU-PC,HP,DX2810,PE 33518,SGH9350P9L,12/10/2008,,On Site,1801W0082_3,,,,Evaluator,4.00 GB,150.00 GB,149.05GB,1,Windows XP,OR/CR,0,,0,0,0,0,Ver 4.0,,,,,,
,1,1384,,CPU,CPU-PC,HP,HP DeskPro 400 G4,PE 42862,1C291303M5,02/06/2017,,On Site,1384W008_01,,,,SITE SUPPORT WS,4.00 GB,120.00 GB,51.76GB,1,Windows 10 32Bit,DL DEMERIT,0,,0,0,0,0,Ver 4.0,,,,,,
,1,1384,,Monitor,Monitor-LCD,HP,Others,PE 43020,3CQ9110MQK, ,,On Site, ,,,,SITE SUPPORT WS, , , , , , , ,, , , , , ,,,,,,
,1,1384,,UPS,UPS-PC,EATON, ,PE 43183,9C00-53235-FOP,04/23/2019,,On Site,,,,,SITE SUPPORT WS,,,,,,,,,,,,,,,,,,,
,1,1384,,CPU,CPU-PC,HP,Pro3000,PE 36612,044P1JN,42772,,On Site,1384W010_02,10.13.84.106,6C-62-6D-03-5C-77,,EVALUATOR,2.87GB,29.3GB,15.2GB,0.27,Windows XP,DL DEMERIT,0,,0,0,0,0,Ver 4.0,,,,,,
,1,1384,,CPU,CPU-PC,HP,HP DeskPro 400 G4,PE 42871,1CZ91303KG,02/06/2017,,On Site,1384W016_01,10.13.84.84,F4-39-09-08-1A-79,,EVALUATOR,4.00 GB,120.00 GB,75.7GB,1,Windows 10 32Bit,DL DEMERIT,0,,0,0,0,0,Ver 4.0,,,,,,
,1,1384,,Monitor,Monitor-LCD,HP,Others,PE 43010,3CQ9110MR9, ,,On Site, ,,,, , , , , , , , ,, , , , , ,,,,,,
,1,1384,,Other Peripherals,Keyboard,HP,Others,CI 27322,Unreadable, ,,On Site, ,,,, , , , , , , , ,, , , , , ,,,,,,
,1,1384,,Other Peripherals,Mouse,HP,Others,CI 27430,Unreadable,,,On Site,,,,, ,,,,,,,,,,,,,,,,,,,
,1,1384,,CPU,CPU-PC,HP,HP DeskPro 400 G4,PE 42872,1CZ91303K2,02/06/2017,,On Site,1384W002_01,10.13.84.79,F4-39-09-13-E6-FB,,APPROVING,4.00 GB,120.00 GB,73.9GB,1,Windows 10 32Bit,DL DEMERIT,0,,1,0,,,Ver 4.0,,,,,,
,1,1384,,Monitor,Monitor-LCD,HP, ,PE 43011,3CQ9110MQ2, ,,On Site, ,,,, , , , , , , , ,, , , , , ,,,,,,
,1,1384,,Other Peripherals,Mouse,HP, ,CI 27438,Unreadable,,,On Site,,,,, ,,,,,,,,,,,,,,,,,,,
,1,1384,,CPU,CPU-PC,HP,HP DeskPro 400 G4,PE 42866,1CZ91303KW,42772,,On Site,1384W005_02,10.13.84.71,F4-39-09-08-1C-81,,EVALUATOR,4.00 GB,120.00 GB,77GB,1,Windows 10 32Bit,DL DEMERIT,0,,0,0,0,0,Ver 4.0,,,,,,
,1,1384,,Monitor,Monitor-LCD,HP, ,PE 43016,3CQ9110MR1, ,,On Site, ,,,, , , , , , , , ,, , , , , ,,,,,,
,1,1384,,CPU,CPU-PC,HP,HP DeskPro 400 G4,PE 42868,1CZ91303M0,42772,,On Site,1384W006_01,10.13.84.77,F4-39-09-13-B8-3E,,RELEASING OFFICER,4.00 GB,120.00 GB,76.7GB,1,Windows 10 32Bit,DL DEMERIT,0,,0,0,0,0,Ver 4.0,,,,,,
,1,1384,,Monitor,Monitor-LCD,HP, ,PE 43021,3CQ9110MQR, ,,On Site, ,,,, , , , , , , , ,, , , , , ,,,,,,
,1,1384,,Other Peripherals,Keyboard,HP, ,CI 27326,Unreadable, ,,On Site, ,,,, , , , , , , , ,, , , , , ,,,,,,
,1,1384,,Other Peripherals,Mouse,A4tech, ,CI 28585,Unreadable,,,On Site,,,,, ,,,,,,,,,,,,,,,,,,,
,1,1384,,UPS,UPS-PC,EATON, ,PE 43121,PA63J17MKA,04/23/2019,,On Site,,,,, ,,,,,,,,,,,,,,,,,,,
,1,1384,,CPU,CPU-PC,HP,HP DeskPro 400 G4,PE 42870,1CZ91303L1,42772,,On Site,1384W009_01,10.13.84.78,F4-39-09-13-E4-42,,RECORDS,4.00 GB,120.00 GB,63.3GB,1,Windows 10 32Bit,DL DEMERIT,0,,0,0,0,0,Ver 4.0,,,,,,
,1,1384,,Monitor,Monitor-LCD,HP, ,PE 43019,PE43019, ,,On Site, ,,,, , , , , , , , ,, , , , , ,,,,,,
,1,1384,,Other Peripherals,Keyboard,HP, ,CI 27328,Unreadable, ,,On Site, ,,,, , , , , , , , ,, , , , , ,,,,,,
,1,1384,,UPS,UPS-PC,EATON, ,PE 43122,Unreadable,04/23/2019,,On Site,,,,, ,,,,,,,,,,,,,,,,,,,
,1,1384,,CPU,CPU-PC,HP,HP DeskPro 400 G4,PE 42868,1CZ91303M0,42772,,On Site,1384W001_01,,,,CASHIER,4.00 GB,120.00 GB,15.6GB,1,Windows 10 32Bit,DL DEMERIT,0,,0,0,0,0,Ver 4.0,,,,,,
,1,1384,,Monitor,Monitor-LCD,HP, ,PE 43015,3CQ9110MQJ, ,,On Site, ,,,, , , , , , , , ,, , , , , ,,,,,,
,1,1384,,Other Peripherals,Keyboard,HP, ,CI 27317,Unreadable, ,,On Site, ,,,, , , , , , , , ,, , , , , ,,,,,,
,1,1384,,Other Peripherals,Mouse,A4tech, ,CI 27935,9015973,,,On Site,,,,, ,,,,,,,,,,,,,,,,,,,
,1,1384,,CPU,CPU-PC,HP,HP DeskPro 400 G4,PE 36400,SGH038PJWQ,02/06/2017,,On Site,WINXP_IMAGE.LTO.IT,,,,SITE SUPPORT,2.87GB,35.2GB,18.5GB,0.5,Windows 10 32Bit,DL DEMERIT,0,,0,0,0,0,Ver 4.0,,,,,,
,1,1384,,Monitor,Monitor-LCD,HP, ,PE 48147,3CQ3240KL6, ,,On Site, ,,,, , , , , , , , ,, , , , , ,,,,,,
,1,1384,,CPU,CPU-PC,HP,HP DeskPro 400 G4,PE 42861,1CZ91303LL,02/06/2017,,On Site,1340W035_08,,,,APPROVING,4.00 GB,194GB,159GB,0.5,Windows 10 32Bit,DL DEMERIT,0,,0,0,0,0,Ver 4.0,,,,,,
,1,1384,,Monitor,Monitor-LCD,HP, ,PE 43018,3CQ9110MPX, ,,On Site, ,,,, , , , , , , , ,, , , , , ,,,,,,
,1,1384,,Other Peripherals,Keyboard,HP, ,CI 27321,BEX1HP0B9HBH064, ,,On Site, ,,,, , , , , , , , ,, , , , , ,,,,,,
,1,1384,,CPU,CPU-PC,HP,HP DeskPro 400 G4,PE 42865,1CZ91303K9,42772,,On Site,1340W035_08,,,,APPROVING,4.00 GB,194GB,151GB,1,Windows 10 32Bit,DL DEMERIT,0,,0,0,0,0,Ver 4.0,,,,,,
,1,1384,,Monitor,Monitor-LCD,HP, ,PE 26733,CNK8400K9C, ,,On Site, ,,,, , , , , , , , ,, , , , , ,,,,,,
,1,1384,,CPU,CPU-PC,HP,HP DeskPro 400 G4,PE 42864,1CZ91303KN,42772,,On Site,1384W003_01,10.13.84.85,F4-39-09-0B-1A-5E,,ReleasING,4.00 GB,120.00 GB,47.7GB,1,Windows 10 32Bit,DL DEMERIT,0,,0,0,0,0,Ver 4.0,,,,,,
,1,1384,,Monitor,Monitor-LCD, , ,PE 43018,3CQ9110MPX, ,,On Site, ,,,, , , , , , , , ,, , , , , ,,,,,,
,1,1384,,Other Peripherals,Keyboard,HP, ,CI 27319,803823-001, ,,On Site, ,,,, , , , , , , , ,, , , , , ,,,,,,
,1,1384,,Other Peripherals,Mouse, , ,CI 27427,Unreadable,,,On Site,,,,, ,,,,,,,,,,,,,,,,,,,
,1,1384,,UPS,UPS-PC,EATON, ,PE 43119,Unreadable,04/23/2019,,On Site,,,,, ,,,,,,,,,,,,,,,,,,,
,1,1384,,CPU,CPU-PC,HP,HP DeskPro 400 G4,PE 42865,1CZ91303K9,02/06/2017,,On Site,1384W013_01,10.13.84.80,F4-39-09-13-E2-E9,,Supply ,4.00 GB,120.00 GB,88.9GB,1,Windows 10 32Bit,DL DEMERIT,0,,0,0,0,0,Ver 4.0,,,,,,
,1,1384,,Monitor,Monitor-LCD,HP, ,PE 430095,3CQ9110MRH, ,,On Site, ,,,, , , , , , , , ,, , , , , ,,,,,,
,1,1384,,Other Peripherals,Keyboard,HP, ,CI 27327,Unreadable, ,,On Site, ,,,, , , , , , , , ,, , , , , ,,,,,,
,1,1384,,UPS,UPS-PC,EATON, ,PE 43117,PA68J17LYC,04/23/2019,,On Site,,,,, ,,,,,,,,,,,,,,,,,,,
,1,1384,,Monitor,Monitor-LCD,Others, ,,Unreadable, ,,On Site, ,,,, , , , , , , , ,, , , , , ,,,,,,
,1,1384,,Other Peripherals,Keyboard,HP, ,CI 13571,N/A, ,,On Site, ,,,, , , , , , , , ,, , , , , ,,,,,,
,1,1384,,Other Peripherals,Mouse,HP, ,CI 13571,N/A,,,On Site,,,,, ,,,,,,,,,,,,,,,,,,,
,1,1384,,UPS,UPS-PC,POWERWARE, ,PE 22175,Unreadable,06/19/2007,,On Site,,,,, ,,,,,,,,,,,,,,,,,,,
,1,1384,,UPS,UPS-Server,Liebert,GXT5,PE 49548,2332101160AFFX3,09/25/2023,,On Site,,,,,,,,,,,,,,,,,,,,,,,,
,1,1316,,CPU,CPU-PC,HP,HP Pro SSF 400 G9,PE 48711,4CE336BRCV,,,On Site,,,,,,,,,,Windows 10 64 Bit,,,,,,,,,,,,,,
,1,1316,,CPU,CPU-PC,HP,HP Pro SSF 400 G9,PE 48725,4CE336BR9Q,,,On Site,,,,,,,,,,Windows 10 64 Bit,,,,,,,,,,,,,,
,1,1316,,CPU,CPU-PC,HP,HP Pro SSF 400 G9,PE 48710,4CE336BRDY,,,On Site,,,,,,,,,,Windows 10 64 Bit,,,,,,,,,,,,,,
,1,1316,,CPU,CPU-PC,HP,HP Pro SSF 400 G9,PE 48708,4CE336BR9R,,,On Site,,,,,,,,,,Windows 10 64 Bit,,,,,,,,,,,,,,
,1,1316,,CPU,CPU-PC,HP,DX2710,PE 31929,SGH847013P,39792,,On Site,,,,,,4.00 GB,74.53GB,48.08GB,1,Windows XP,DL DEMERIT,,,,,,,v4.0,,,,,,
,1,1316,,Monitor,Monitor-LCD,Philips,None,PE 11422,CX000140894955,,,On Site,,,,,,,,,,,,,,,,,,,,,,,,
,1,1316,,Monitor,Monitor-LCD,HP, L1910,PE 26730,CNK8400KJH,,,On Site,,,,,,,,,,,,,,,,,,,,,,,,
,1,1316,,CPU,CPU-PC,HP,HP Pro SSF 400 G9,PE 48709,4CE336BRDQ,,,On Site,,,,,,,,,,Windows 10 64 Bit,,,,,,,,,,,,,,
,1,1391,,Monitor,Monitor-LCD,HP,P204V,PE 17,3CQ8011D10, ,,On Site, ,,,, , , , , , , , ,, , , , , ,,,,,,
,1,1391,,Other Peripherals,Keyboard,HP,,CI 17773,Unreadable,,,On Site,,,,,,,,,,,,,,,,,,,,,,,,
,1,1391,,Other Peripherals,Mouse,HP,,CI 15772,Unreadable,,,On Site,,,,,,,,,,,,,,,,,,,,,,,,
,1,1391,,CPU,CPU-PC,HP,DX2710,PE 26777,SGH8470D8S,39792,,On Site,1391w0009_1,10.13.91.226, 00-23-7d-21-03-28,,APROVING OFFICER,4.00 GB,108.95 GB,82.82 GB,1,Windows XP,OR/CR,0,,,1,,,Ver 4.0,,,,,,
,1,1391,,CPU,CPU-PC,HP,Pro3000,PE 35872,SGH033QT6F,40401,,On Site,,,,,,4.00 GB,465.76 GB,434.56 GB,1,Windows XP,OR/CR,0,,,0,0,0,Ver 4.0,,,,,,
,1,1391,,CPU,CPU-PC,HP,DX2810,PE 32100,SGH9130L78,39972,,On Site,1391w073_02,10.13.91.75,00-23-7D-2B-7F-79,,APROVING OFFICER,4.00 GB,149.05 GB,122.42 GB,1,Windows XP,OR/CR,0,,,0,0,0,Ver 4.0,,,,,,
,1,1391,,Monitor,Monitor-LCD,HP,P204V,PE 19,3CQ8021BR6, ,,On Site, ,,,, , , , , , , , ,, , , , , ,,,,,,
,1,1391,,CPU,CPU-PC,HP,DX2710,Unreadable,SGH847003T,39792,,On Site,1391w0008_1,,,,RELEASING OFFICER,4.00 GB,140.95 GB,75.73 GB,1,Windows XP,OR/CR,0,,,0,0,0,Ver 4.0,,,,,,
,1,1391,,Monitor,Monitor-LCD,LG,L1190,PE 26263,CNK8400JWZ, ,,On Site, ,,,, , , , , , , , ,, , , , , ,,,,,,
,1,1391,,CPU,CPU-PC,HP,DX2810,PE 35663,Unreadable,39972,,On Site,1391w0026_03,10.13.91.155,00-24-81-ca-45-6e,,"CASHIER , SOD, EOD",4.00 GB,137.24 GB,112.71 GB,1,Windows XP,OR/CR,0,,0,0,0,0,Ver 4.0,,,,,,
,1,1391,,Monitor,Monitor-LCD,HP,P204V,PE 20,3CQ8021BS7, ,,On Site, ,,,, , , , , , , , ,, , , , , ,,,,,,
,1,1391,,CPU,CPU-PC,HP,DX2710,PE 33228,Unreadable,39792,,On Site,1391w0029_02,10.13.91.70,00-22-64-b7-75-31,,APPROVING OFFICER,4.00 GB,149.05 GB,117.48 GB,0.92,Windows XP,OR/CR,0,,,0,0,0,Ver 4.0,,,,,,
,1,1391,,Monitor,Monitor-LCD,HP,Unreadable,PE 10707,F1082JA008613, ,,On Site, ,,,, , , , , , , , ,, , , , , ,,,,,,
,1,1391,,CPU,CPU-PC,HP,Pro3000,PE 35876,SGH033QT66,40401,,On Site,1391w0023_2,10.13.91.101,6c-62-48.fe-d5,,EVALUATOR,4.00 GB,931.09 GB,867.19 GB,1,Windows XP,OR/CR,0,,,0,0,0,Ver 4.0,,,,,,
,1,1391,,Monitor,Monitor-LCD,LG,P204V,PE 41704,3CQ8042F37, ,,On Site, ,,,, , , , , , , , ,, , , , , ,,,,,,
,1,1391,,Monitor,Monitor-LCD,DELL,P204V,PE 16,3CQ8011D09, ,,On Site, ,,,, , , , , , , , ,, , , , , ,,,,,,
,1,1391,,CPU,CPU-PC,HP,Pro3000,PE 34900,SGH029T20J,08/11/2010,,On Site,1391w0024_3,10.13.91.165, 6c-62-6d-0e-ee-32,,EVALUATOR,4.00 GB,465.76 GB,434.56 GB,1,Windows XP,OR/CR,0,,,0,0,0,Ver 4.0,,,,,,
,1,1391,,Monitor,Monitor-LCD,HP,L1190,PE 37419,CNK15108RG, ,,On Site, ,,,, , , , , , , , ,, , , , , ,,,,,,
,1,1391,,CPU,CPU-PC,HP,DX2710,PE 32998,SGH9130LMZ,12/10/2008,,On Site,1391w0022_2, 10.13.91.71,00-23-7d-2b-70-f0,,EVALUATOR,2 GB,149.05 GB,116.03 GB,1,Windows XP,OR/CR,0,,0,0,0,0,Ver 4.0,,,,,,
,1,1391,,Monitor,Monitor-LCD,HP,L1190,Unreadable,CNC927P046, ,,On Site, ,,,, , , , , , , , ,, , , , , ,,,,,,
,1,1391,,Other Peripherals,Keyboard,A4tech,N/A,CI 28008,Unreadable,,,On Site,,,,,,,,,,,,,,,,,,,,,,,,
,1,1391,,Other Peripherals,Keyboard,A4tech,N/A,CI 29036,PE2008025997, ,,On Site, ,,,, , , , , , , , ,, , , , , ,,,,,,
,1,1391,,Other Peripherals,Mouse,HP,N/A,CI 31278,FWTBAOAW2GQ1CO,,,On Site,,,,, ,,,,,,,,,,,,,,,,,,,
,1,1391,,Monitor,Monitor-LCD,HP,L1190,PE 31096,CNK903069L, ,,On Site, ,,,, , , , , , , , ,, , , , , ,,,,,,
,1,1391,,Other Peripherals,Keyboard,HP,SK-2885,CI 17768,BAUJQOGCPZBF74, ,,On Site, ,,,, , , , , , , , ,, , , , , ,,,,,,
,1,1391,,Other Peripherals,Mouse,A4tech,JCSM,CI 26516,PE10808055817,,,On Site,,,,, ,,,,,,,,,,,,,,,,,,,
,1,1391,,CPU,CPU-PC,HP,HP DeskPro 400 G4,PE 41095,SGH808QNJC,42772,,On Site,1391w017_01,10.13.91.100,18-60-24-e5-5e-9b,,SITE SUPPORT,4.00 GB,465.76 GB,413.45 GB,1,Windows 10 32Bit,OR/CR,0,,0,0,0,0,Ver 4.0,,,,,,
,1,1391,,CPU,CPU-PC,HP,DX2810,PE 33297,SGH9350P7Z,39792,,On Site,,,,,,2 GB,149.05 GB,116.03 GB,1,Windows XP,OR/CR,0,,0,0,0,0,Ver 4.0,,,,,,
,1,1391,,Monitor,Monitor-LCD,HP,P204V,PE 41603,3CQ8042DK3, ,,On Site, ,,,, , , , , , , , ,, , , , , ,,,,,,
,1,1391,,Other Peripherals,Keyboard,HP,N/A,CI 15849,Unreadable,,,On Site,,,,,,,,,,,,,,,,,,,,,,,,
,1,1391,,Other Peripherals,Keyboard,A4tech,N/A,CI 23702,Unreadable, ,,On Site, ,,,, , , , , , , , ,, , , , , ,,,,,,
,1,1391,,Other Peripherals,Mouse,,,CI 32061,Unreadable,,,On Site,,,,,,,,,,,,,,,,,,,,,,,,
,1,1391,,Other Peripherals,Mouse,,,CI 08285,Unreadable,,,On Site,,,,,,,,,,,,,,,,,,,,,,,,
,1,1391,,Other Peripherals,Mouse,A4tech,N/A,CI 255595,FCMHH0C92ADGFP,,,On Site,,,,, ,,,,,,,,,,,,,,,,,,,
,1,1391,,UPS,UPS-PC,Eaton,5E 850i,PE 40714,PA63H49GYG,,,On Site,,,,,,,,,,,,,,,,,,,,,,,,
,1,1391,,UPS,UPS-PC,Eaton,5E 850i,PE 39094,PA63H13PT6,,,On Site,,,,,,,,,,,,,,,,,,,,,,,,
,1,1391,,UPS,UPS-PC,,"	Powercom",PE 00438,"	40292380703",,,On Site,,,,,,,,,,,,,,,,,,,,,,,,
,1,1391,,UPS,UPS-PC,Eaton,5E 850i,PE 45289,PA63J22NLW,,,On Site,,,,,,,,,,,,,,,,,,,,,,,,
,1,1391,,UPS,UPS-Server,Liebert,GXT5,PE 48205,2201901951AFFX3,,,On Site,,,,,,,,,,,,,,,,,,,,,,,,
,1,1396,,CPU,CPU-PC,HP,HP DeskPro 400 G4,PE 41194,SGH808QN6M,42772,,On Site,1396W0056_62,10.13.96.222,18-60-24-E5-5F-1C,,SITE SUPPORT,4.00 GB,465.27 GB,407.13 GB,1,Windows 10 32Bit,OR/CR,0,,0,0,0,0,Ver 4.0,,,,,,
,1,1396,,Monitor,Monitor-LCD,HP,HPL1910,PE 26301,CNK8400JDG, ,,On Site, ,,,, , , , , , , , ,, , , , , ,,,,,,
,1,1396,,Other Peripherals,Mouse,HP, ,CI 25541,672652-001,,,On Site,,,,, ,,,,,,,,,,,,,,,,,,,
,1,1396,,Other Peripherals,Keyboard,HP, ,CI 25052,803181-001, ,,On Site, ,,,, , , , , , , , ,, , , , , ,,,,,,
,1,1396,,UPS,UPS-PC,EATON,5E850i-USBC,PE 39449,PA63H20RT7,11/23/2017,,On Site,,,,, ,,,,,,,,,,,,,,,,,,,
,1,1396,,CPU,CPU-PC,HP,HP DeskPro 400 G4,PE 41047,SGH808QN72,42772,,On Site,1396W0012_01,10.13.96.85,18-60-24-E5-5B-5F,,RELEASING,4.00 GB,465.27 GB,354.91GB,1,Windows 10 32Bit,OR/CR,0,,0,1,0,0,Ver 4.0,,,,,,
,1,1396,,Monitor,Monitor-LCD,HP,HP V194,PE 41550,3CQ8042BXF, ,,On Site, ,,,, , , , , , , , ,, , , , , ,,,,,,
,1,1396,,Other Peripherals,Mouse,HP, ,CI 27456,Unreadable,,,On Site,,,,, ,,,,,,,,,,,,,,,,,,,
,1,1396,,Other Peripherals,Keyboard,HP,SK-2120,CI 25047,Unreadable, ,,On Site, ,,,, , , , , , , , ,, , , , , ,,,,,,
,1,1396,,UPS,UPS-PC,EATON,5E850i-USBC,PE 40510,9C00-53235,02/22/2018,,On Site,,,,, ,,,,,,,,,,,,,,,,,,,
,1,1396,,CPU,CPU-PC,HP,HP DeskPro 400 G4,PE 41048,SGH808QNK3,02/06/2017,,On Site,1396W0001_01,10.13.96.59,18-60-24-E5-5B-F5,,INSPECTOR,4.00 GB,465.27 GB,359.48 GB,1,Windows 10 32Bit,OR/CR,0,,0,0,0,0,Ver 4.0,,,,,,
,1,1396,,Monitor,Monitor-LCD,HP,HP V194,PE 41538,3CQ8042DH8, ,,On Site, ,,,, , , , , , , , ,, , , , , ,,,,,,
,1,1396,,Other Peripherals,Mouse,HP, ,CI 25546,672662-001,,,On Site,,,,, ,,,,,,,,,,,,,,,,,,,
,1,1396,,Other Peripherals,Keyboard, , ,Unreadable,Unreadable, ,,On Site, ,,,, , , , , , , , ,, , , , , ,,,,,,
,1,1396,,UPS,UPS-PC,EATON, ,PE 39451,Unreadable,11/23/2017,,On Site,,,,, ,,,,,,,,,,,,,,,,,,,
,1,1396,,CPU,CPU-PC,HP,HP DeskPro 400 G4,PE 41045,SGH808QNC6,02/06/2017,,On Site,1396W0007_01,10.13.96.100,18-60-24-E5-5D-1E,,EVALUATOR,4.00 GB,465.27 GB,395.85 GB,1,Windows 10 32Bit,OR/CR,0,,0,0,0,0,Ver 4.0,,,,,,
,1,1396,,Monitor,Monitor-LCD,HP,HP V194,PE 41551,3CQ8042DJ8, ,,On Site, ,,,, , , , , , , , ,, , , , , ,,,,,,
,1,1396,,Other Peripherals,Keyboard,HP,SK-2120,CI 25046,Unreadable, ,,On Site, ,,,, , , , , , , , ,, , , , , ,,,,,,
,1,1396,,UPS,UPS-PC,EATON, ,PE 39274,Unreadable,10/13/2017,,On Site,,,,, ,,,,,,,,,,,,,,,,,,,
,1,1396,,CPU,CPU-PC,HP,HP DeskPro 400 G4,PE 41040,SGH808QNDP,02/06/2017,,On Site,1396W0010_01,10.13.96.56,18-60-24-E5-5A-31,,APPROVING,4.00 GB,465.27 GB,398.58GB,1,Windows 10 32Bit,OR/CR,0,,,1,0,0,Ver 4.0,,,,,,
,1,1396,,Monitor,Monitor-LCD,HP,HP V194,PE 41548,3CQ8042DJD, ,,On Site, ,,,, , , , , , , , ,, , , , , ,,,,,,
,1,1396,,Other Peripherals,Keyboard,HP,SK-2120,CI 25049,Unreadable, ,,On Site, ,,,, , , , , , , , ,, , , , , ,,,,,,
,1,1396,,UPS,UPS-PC,EATON, ,PE 40697,Unreadable,02/22/2018,,On Site,,,,, ,,,,,,,,,,,,,,,,,,,
,1,1396,,Monitor,Monitor-LCD,HP,HP V194,PE 41545,3CQ8042DHZ, ,,On Site, ,,,, , , , , , , , ,, , , , , ,,,,,,
,1,1396,,Other Peripherals,Mouse,A4Tech,N/A,CI 34060,N/A,,,On Site,,,,, ,,,,,,,,,,,,,,,,,,,
,1,1396,,Other Peripherals,Keyboard, , ,Unreadable,Unreadable, ,,On Site, ,,,, , , , , , , , ,, , , , , ,,,,,,
,1,1396,,UPS,UPS-PC, , ,Unreadable,Unreadable,,,On Site,,,,, ,,,,,,,,,,,,,,,,,,,
,1,1396,,CPU,CPU-PC,HP,HP DeskPro 400 G4,PE 41049,SGH808QNBP,02/06/2017,,On Site,1396W00013_01,10.13.96.100,18-60-24-E5-59-C3,,RECORDS,4.00 GB,465.27 GB,405.07GB,1,Windows 10 32Bit,OR/CR,0,,0,0,0,0,Ver 4.0,,,,,,
,1,1396,,Monitor,Monitor-LCD,HP,HP V194,PE 41547,3CQN8042DGW, ,,On Site, ,,,, , , , , , , , ,, , , , , ,,,,,,
,1,1396,,Other Peripherals,Mouse,HP, ,CI 17113,N/A,,,On Site,,,,, ,,,,,,,,,,,,,,,,,,,
,1,1396,,UPS,UPS-PC, , ,Unreadable,Unreadable,,,On Site,,,,, ,,,,,,,,,,,,,,,,,,,
,1,1396,,CPU,CPU-PC,HP,HP DeskPro 400 G4,PE 41039,SGH808QN9G,42772,,On Site,1396W0008_01,10.13.96.72,18-60-24-E5-5D-EC,,EVALUATOR,4.00 GB,465.27 GB,390.19GB,1,Windows 10 32Bit,OR/CR,0,,0,0,0,0,Ver 4.0,,,,,,
,1,1396,,Monitor,Monitor-LCD,HP,HP V194,PE 41552,3CQN8042BWK, ,,On Site, ,,,, , , , , , , , ,, , , , , ,,,,,,
,1,1396,,Other Peripherals,Mouse,HP, ,CI 13832,N/A,,,On Site,,,,, ,,,,,,,,,,,,,,,,,,,
,1,1396,,Other Peripherals,Keyboard,HP, ,CI 27106,Unreadable, ,,On Site, ,,,, , , , , , , , ,, , , , , ,,,,,,
,1,1396,,UPS,UPS-PC,EATON, ,PE 39401,Unreadable,11/23/2017,,On Site,,,,, ,,,,,,,,,,,,,,,,,,,
,1,1396,,CPU,CPU-PC,HP,HP DeskPro 400 G4,PE 41050,SGH808QNDS,42772,,On Site,1396w0001_01,10.13.96.78,18-60-24-E9-0C-C4,,EVALUATOR,4.00 GB,465.27 GB,406.33GB,1,Windows 10 32Bit,OR/CR,0,,0,0,0,0,Ver 4.0,,,,,,
,1,1396,,Monitor,Monitor-LCD,HP,HP V194,PE 41549,3CQ8042F40, ,,On Site, ,,,, , , , , , , , ,, , , , , ,,,,,,
,1,1396,,Other Peripherals,Mouse, , ,Unreadable,Unreadable,,,On Site,,,,, ,,,,,,,,,,,,,,,,,,,
,1,1396,,Other Peripherals,Keyboard,HP, ,CI 33706,Unreadable, ,,On Site, ,,,, , , , , , , , ,, , , , , ,,,,,,
,1,1396,,UPS,UPS-PC, , ,Unreadable,Unreadable,,,On Site,,,,, ,,,,,,,,,,,,,,,,,,,
,1,1396,,CPU,CPU-PC,HP,HP DeskPro 400 G4,PE 41044,SGH808QNCB,42772,,On Site,1396W0002_01,10.13.96.58,18-60-24-E5-5C-86,,EVALUATOR,4.00 GB,465.27 GB,361.42GB,1,Windows 10 32Bit,OR/CR,0,,0,0,0,0,Ver 4.0,,,,,,
,1,1396,,Monitor,Monitor-LCD,HP,HP V194,PE 41546,3CQ8042DHK, ,,On Site, ,,,, , , , , , , , ,, , , , , ,,,,,,
,1,1396,,Other Peripherals,Mouse, , ,Unreadable,Unreadable,,,On Site,,,,, ,,,,,,,,,,,,,,,,,,,
,1,1396,,Other Peripherals,Keyboard,HP,SK-2120,CI 25264,Unreadable, ,,On Site, ,,,, , , , , , , , ,, , , , , ,,,,,,
,1,1396,,UPS,UPS-PC,EATON, ,PE 40518,Unreadable,02/22/2018,,On Site,,,,, ,,,,,,,,,,,,,,,,,,,
,1,1396,,CPU,CPU-PC,HP,HP DeskPro 400 G4,PE 41046,SGH808QNML,42772,,On Site,1396W0005_01,10.13.96.57,18-60-24-E5-59-FB,,EVALUATOR,4.00 GB,465.27 GB,313.89 GB,1,Windows 10 32Bit,OR/CR,0,,0,0,0,0,Ver 4.0,,,,,,
,1,1396,,Monitor,Monitor-LCD,HP,HP V194,PE 41539,3CQ8042CBS, ,,On Site, ,,,, , , , , , , , ,, , , , , ,,,,,,
,1,1396,,Other Peripherals,Mouse, , ,Unreadable,Unreadable,,,On Site,,,,, ,,,,,,,,,,,,,,,,,,,
,1,1396,,Other Peripherals,Keyboard,HP, ,CI 27131,Unreadable, ,,On Site, ,,,, , , , , , , , ,, , , , , ,,,,,,
,1,1396,,UPS,UPS-PC,EATON, ,PE 40522,Unreadable,02/22/2018,,On Site,,,,, ,,,,,,,,,,,,,,,,,,,
,1,1396,,CPU,CPU-PC,HP,HP DeskPro 400 G4,PE 39503,SGH741P4SS,42772,,On Site,1396W0011_01,10.13.96.61,18-60-24-DF-8A-0B,,CASHIER,4.00 GB,465.27 GB,381.33GB,1,Windows 10 32Bit,OR/CR,0,,0,0,0,0,Ver 4.0,,,,,,
,1,1396,,Monitor,Monitor-LCD,HP,HP V194,PE 41542,3CQ8042DHC, ,,On Site, ,,,, , , , , , , , ,, , , , , ,,,,,,
,1,1396,,Other Peripherals,Mouse, , ,Unreadable,Unreadable,,,On Site,,,,, ,,,,,,,,,,,,,,,,,,,
,1,1396,,Other Peripherals,Keyboard,HP,KU-0316,CI 45453,434821-032, ,,On Site, ,,,, , , , , , , , ,, , , , , ,,,,,,
,1,1396,,UPS,UPS-PC,EATON, ,PE 39397,Unreadable,,,On Site,,,,, ,,,,,,,,,,,,,,,,,,,
,1,1396,,Monitor,Monitor-LCD,HP,Others,PE 41543,3CQ042CB5, ,,On Site, ,,,, , , , , , , , ,, , , , , ,,,,,,
,1,1396,,Other Peripherals,Keyboard,HP,Others,CI 25463,Unreadable, ,,On Site, ,,,, , , , , , , , ,, , , , , ,,,,,,
,1,1396,,Other Peripherals,Mouse,HP,Others,CI 25963,590509-002,,,On Site,,,,, ,,,,,,,,,,,,,,,,,,,
,1,1396,,UPS,UPS-Server,Liebert,GXT4,PE 42280,1813900179AFC03,,,On Site,,,,,,,,,,,,,,,,,,,,,,,,
,1,1397,,CPU,CPU-PC,HP,DX2710,PE 29966,SGH847006T,39792,,On Site,,,,,,2GB,150.00 GB,118.16GB,1,Windows XP,OR/CR,0,0,0,0,0,0,Ver 4.0,,,,,,
,1,1397,,Monitor,Monitor-LCD,Hp,"19.5""",PE 45593,3CQ0160FTY,,,On Site,,,,,,,,,,,,,,,,,,,,,,,,
,1,1300,,Other Peripherals,Scanner ,Fujitsu,fi-7140,CI 42374,AM5A248757,,,On Site,,,,,,,,,,,,,,,,,,,,,,,,
,1,1300,,Peripherals,Webcam,LOGITECH,C922,CI 38346,Unreadable,,,On Site,,,,,,,,,,,,,,,,,,,,,,,,
,1,1308,,Peripherals,Sigpad,WACOM,STU430,CI 49409,3KZQ000808,,,On Site,,,,,,,,,,,,,,,,,,,,,,,,
,1,1308,,Peripherals,Webcam,LOGITECH,C922,CI 48952,2336LV007L28,,,On Site,,,,,,,,,,,,,,,,,,,,,,,,
,1,1316,,Peripherals,Sigpad,WACOM,STU430,CI 49404,3KZQ000813,,,On Site,,,,,,,,,,,,,,,,,,,,,,,,
,1,1316,,Peripherals,Webcam,LOGITECH,C922,CI 48946,2145LV00FK68,,,On Site,,,,,,,,,,,,,,,,,,,,,,,,
,1,1337,,Peripherals,Sigpad,WACOM,STU430,CI 49412,3KZQ000784,,,On Site,,,,,,,,,,,,,,,,,,,,,,,,
,1,1337,,Peripherals,Webcam,LOGITECH,C922,CI 48955,2334LV00SJT8,,,On Site,,,,,,,,,,,,,,,,,,,,,,,,
,1,1360,,Peripherals,Sigpad,WACOM,STU430,CI 49405,3KZQ000815,,,On Site,,,,,,,,,,,,,,,,,,,,,,,,
,1,1360,,Peripherals,Webcam,LOGITECH,C922,CI 48947,2145LV00EK38,,,On Site,,,,,,,,,,,,,,,,,,,,,,,,
,1,1376,,Peripherals,Sigpad,WACOM,STU430,CI 49406,3KZQ000809,,,On Site,,,,,,,,,,,,,,,,,,,,,,,,
,1,1376,,Peripherals,Webcam,LOGITECH,C922,CI 48949,2336LV007HX8,,,On Site,,,,,,,,,,,,,,,,,,,,,,,,
,1,1380,,Peripherals,Sigpad,WACOM,STU430,CI 49413,3KZQ000662,,,On Site,,,,,,,,,,,,,,,,,,,,,,,,
,1,1380,,Peripherals,Webcam,LOGITECH,C922,CI 48956,2334LV00SJK8,,,On Site,,,,,,,,,,,,,,,,,,,,,,,,
,1,1384,,Peripherals,Sigpad,WACOM,STU430,CI 49414,3KZQ000764,,,On Site,,,,,,,,,,,,,,,,,,,,,,,,
,1,1384,,Peripherals,Webcam,LOGITECH,C922,CI 48957,2336LV006XV8,,,On Site,,,,,,,,,,,,,,,,,,,,,,,,
,1,1308,,Printer,InkJet,Epson,Inkjet L310,PE 38879,VHTK011720,42925,,On Site,,,,,,,,,,,,,,,,,,,,,,,,
,1,1308,,Printer,Dot Matrix,Epson,LX310,PE 47511,Q7CY264634,12/18/2014,,On Site,,,,,,,,,,,,,,,,,,,,,,,,
,1,1308,,Printer,LaserJet,HP,HP 507,PE 49500,VNCRS9337V,09/25/2023,,On Site,,,,,,,,,,,,,,,,,,,,,,,,
,1,1308,,Printer,LaserJet,HP,HP M401,PE 3775,VNH3P15851,03/26/2015,,On Site,,,,,,,,,,,,,,,,,,,,,,,,
,1,1308,,Printer,LaserJet,HP,HP 2015,PE 26598,CNC1T35267,37492,,On Site,,,,,,,,,,,,,,,,,,,,,,,,
,1,1380,,Printer,LaserJet,HP,HP M402n,PE 38662,PHCFB1190,43008,,On Site,,,,,,,,,,,,,,,,,,,,,,,,
,1,1380,,Printer,LaserJet,HP,HP M402n,PE 40438,PHCFB10872,09/30/2017,,On Site,,,,,,,,,,,,,,,,,,,,,,,,
,1,1380,,Printer,LaserJet,HP,HP 4003dn,PE 47972,VNM0222464,09/25/2023,,On Site,,,,,,,,,,,,,,,,,,,,,,,,
,1,1380,,Printer,LaserJet,HP,HP 4003dn,PE 48485,PHMWQ01756,09/25/2023,,On Site,,,,,,,,,,,,,,,,,,,,,,,,
,1,1380,,Printer,Dot Matrix,Epson,LX310,PE 42467,Q7CY167678,12/18/2014,,On Site,,,,,,,,,,,,,,,,,,,,,,,,
,1,1384,,Printer,LaserJet,HP,HP M402n,PE 40471,PHCFC10540,09/30/2017,,On Site,,,,,,,,,,,,,,,,,,,,,,,,
,1,1384,,Printer,InkJet,Epson,Inkjet L310,PE 38892,VHTK011736,42925,,On Site,,,,,,,,,,,,,,,,,,,,,,,,
,1,1384,,Printer,LaserJet,HP,HP 4003dn,PE 480032,VNM0218593,09/25/2023,,On Site,,,,,,,,,,,,,,,,,,,,,,,,
,1,1384,,Printer,Dot Matrix,Epson,LX310,PE 47527,Q7CY264651,12/18/2014,,On Site,,,,,,,,,,,,,,,,,,,,,,,,
,1,1384,,Printer,LaserJet,HP,HP M402n,PE 42108,PHCFC17002,43008,,On Site,,,,,,,,,,,,,,,,,,,,,,,,
,1,1384,,Printer,LaserJet,HP,HP 4003dn,PE 48486,PHMWP00151,09/25/2023,,On Site,,,,,,,,,,,,,,,,,,,,,,,,
,1,1391,,Printer,LaserJet,HP,HP M402n,PE 38642,PHCFB10904,09/30/2017,,On Site,,,,,,,,,,,,,,,,,,,,,,,,
,1,1391,,Printer,LaserJet,HP,HP M401,PE 37724,VNH4712474,03/26/2015,,On Site,,,,,,,,,,,,,,,,,,,,,,,,
,1,1391,,Printer,LaserJet,HP,HP 507,PE 51229,VNCRS9W79W,09/25/2023,,On Site,,,,,,,,,,,,,,,,,,,,,,,,
,1,1396,,Printer,LaserJet,HP,HP 2015,PE 30029,CNC1T23098,08/24/2002,,On Site,,,,,,,,,,,,,,,,,,,,,,,,
,1,1396,,Printer,LaserJet,HP,HP M402n,PE 40406,PHCFB10621,43008,,On Site,,,,,,,,,,,,,,,,,,,,,,,,
,1,1396,,Printer,LaserJet,HP,HP 4003dn,PE 47968,VNM0716720,09/25/2023,,On Site,,,,,,,,,,,,,,,,,,,,,,,,
,1,1396,,Printer,Dot Matrix,Epson,LX310,PE 47542,Q7CY264489,12/18/2014,,On Site,,,,,,,,,,,,,,,,,,,,,,,,
,1,1300,,Printer,InkJet,Epson,Inkjet L310,PE 01527,CN72287061,42925,,On Site,,,,,,,,,,,,,,,,,,,,,,,,
,1,1300,,Printer,LaserJet,HP,HP M401,PE 23148,VNH3P18395,03/26/2015,,On Site,,,,,,,,,,,,,,,,,,,,,,,,
,1,1300,,Printer,LaserJet,HP,HP M402n,PE 42159,PHCFB17769,09/30/2017,,On Site,,,,,,,,,,,,,,,,,,,,,,,,
,1,1300,,Printer,LaserJet,HP,HP M401,PE 38035,VNH4G20394,43008,,On Site,,,,,,,,,,,,,,,,,,,,,,,,
,1,1300,,Printer,LaserJet,HP,HP M401,PE 38010,VNH4G20384,03/26/2015,,On Site,,,,,,,,,,,,,,,,,,,,,,,,
,1,1378,,Printer,LaserJet,HP,HP 507,PE 51239,VNCRS9W783,45538,,On Site,,,,,,,,,,,,,,,,,,,,,,,,
,1,1378,,Printer,LaserJet,HP,HP M402n,PE 40412,PHCFC12139,03/26/2015,,On Site,,,,,,,,,,,,,,,,,,,,,,,,
,1,1378,,Printer,LaserJet,HP,HP M402n,PE 38673,PHCFB10902,03/26/2015,,On Site,,,,,,,,,,,,,,,,,,,,,,,,
,1,1378,,Printer,LaserJet,HP,HP 2015,PE 10593,CNC1T11009,37492,,On Site,,,,,,,,,,,,,,,,,,,,,,,,
,1,1378,,Printer,LaserJet,HP,HP 2015,PE 27884,CNC1X07558,08/24/2002,,On Site,,,,,,,,,,,,,,,,,,,,,,,,
,1,1360,,Printer,LaserJet,HP,HP M402n,PE 40415,PHCFC12072,43008,,On Site,,,,,,,,,,,,,,,,,,,,,,,,
,1,1360,,Printer,LaserJet,HP,HP 4003dn,PE 49457,VNM0722396,09/25/2023,,On Site,,,,,,,,,,,,,,,,,,,,,,,,
,1,1360,,Printer,LaserJet,HP,HP 4003dn,PE 49460,VNM0722453,09/25/2023,,On Site,,,,,,,,,,,,,,,,,,,,,,,,
,1,1376,,Printer,LaserJet,HP,HP 4003dn,PE 49461,VNM0721946,09/25/2023,,On Site,,,,,,,,,,,,,,,,,,,,,,,,
,1,1376,,Printer,LaserJet,HP,HP 4003dn,PE 49462,VNM0722390,09/25/2023,,On Site,,,,,,,,,,,,,,,,,,,,,,,,
,1,1337,,Printer,LaserJet,HP,HP 4003dn,PE 48326,PHMWP00287,09/25/2023,,On Site,,,,,,,,,,,,,,,,,,,,,,,,
,1,1337,,Printer,LaserJet,HP,HP M401,PE 37856,VNH3P17579,03/26/2015,,On Site,,,,,,,,,,,,,,,,,,,,,,,,
,1,1308,,Furniture and Fixture,Free Standing Table,,,PE 12817,,,,On Site,,,,,,,,,,,,,,,,,,,,,,,,
,1,1308,,Furniture and Fixture,Free Standing Table,,,PE 10318,,,,On Site,,,,,,,,,,,,,,,,,,,,,,,,
,1,1308,,Furniture and Fixture,Free Standing Table,,,PE 6348,,,,On Site,,,,,,,,,,,,,,,,,,,,,,,,
,1,1308,,Furniture and Fixture,Office Chair,,,,,,,On Site,,,,,,,,,,,,,,,,,,,,,,,,
,1,1308,,Furniture and Fixture,Mobile Pedestal Drawer,,,PE 6352,,,,On Site,,,,,,,,,,,,,,,,,,,,,,,,
,1,1308,,Furniture and Fixture,Mobile Pedestal Drawer,,,PE 6345,,,,On Site,,,,,,,,,,,,,,,,,,,,,,,,
,1,1308,,Furniture and Fixture,Mobile Pedestal Drawer,,,PE 6349,,,,On Site,,,,,,,,,,,,,,,,,,,,,,,,
,1,1308,,Furniture and Fixture,Mobile Pedestal Drawer,,,PE 6325,,,,On Site,,,,,,,,,,,,,,,,,,,,,,,,
,1,1308,,Furniture and Fixture,Mobile Pedestal Drawer,,,PE 6331,,,,On Site,,,,,,,,,,,,,,,,,,,,,,,,
,1,1308,,Furniture and Fixture,Mobile Pedestal Drawer,,,PE 6320,,,,On Site,,,,,,,,,,,,,,,,,,,,,,,,
,1,1308,,Furniture and Fixture,Mobile Pedestal Drawer,,,Unreadable,,,,On Site,,,,,,,,,,,,,,,,,,,,,,,,
,1,1396,,Furniture and Fixture,Mobile Pedestal Drawer,,,PE 8263,,,,On Site,,,,,,,,,,,,,,,,,,,,,,,,
,1,1396,,Furniture and Fixture,Mobile Pedestal Drawer,,,PE 8248,,,,On Site,,,,,,,,,,,,,,,,,,,,,,,,
,1,1396,,Furniture and Fixture,Mobile Pedestal Drawer,,,PE 8213,,,,On Site,,,,,,,,,,,,,,,,,,,,,,,,
